ORDER_ID,CUSTOMER_ID,DISTRIBUTOR_ID,ORDER_DATE,PRODUCT_ID,QUANTITY,UNIT_PRICE,TOTAL_PRICE,ORDER_STATUS
6b55248b-2148-4352-aca4-932e9a5ad74a,28635edf-c8eb-46ea-bdb7-f1a8657fe5f7,,2025-01-05T23:00:04.036579Z,aff6312b-9d3c-4531-9c3a-b542894e5905,59,6833.29,403164.11,Cancelled
071dbd7c-297f-4d31-bf11-0052e5a7ce7c,f5969e89-2771-4828-89bd-8a7fc56929e2,,2025-01-09T22:24:38.055559Z,56399415-2ab3-4ef8-9f19-a48990c0b1ed,49,3227.44,158144.56,Placed
133a0acd-ad6a-40bc-9a9f-12134c3b84db,,fb5b0b46-99a3-4ee2-b9df-9bd8c572226b,2025-01-24T09:43:57.477596Z,3f8265a5-c27a-4f4e-a88f-d4fca449b0b6,10,5407.59,54075.90,Delivered
8f32acb6-2118-44de-aabf-d0db0f1c0882,,193cfe2d-2c95-4fc5-b254-e8bf59f5113e,2024-11-21T00:45:01.010544Z,dcffaf6e-c352-4c3e-a356-ea0ceac7f054,91,3454.17,314329.47,Delivered
b7378561-e830-45c0-98dc-37c32064fc46,,2726384c-a855-4378-bed2-2dad77d0d6c5,2024-11-22T07:20:12.195075Z,f984b229-bfda-4e33-a231-7cb7656c62f6,49,3385.51,165889.99,Placed
59b2a4d5-5957-4733-89c2-af67c3dc991b,8be92d6a-01a0-4161-a6c5-bef92c6fe761,,2025-02-17T11:36:04.711435Z,b7f28971-3a46-4126-aa78-cffa48a9ce07,96,4130.56,396533.76,Cancelled
2233444e-3165-439d-980e-5c7236c207b5,af163a3f-7e3a-48a8-bca1-54be94de0a9b,,2024-11-03T10:24:11.664464Z,f81cb962-fcb4-401e-8b2e-32d848b6ce78,15,4949.01,74235.15,Shipped
32560381-b6c4-4349-abdb-587ef888a3e3,f9d42859-884f-4601-b965-851cec0d9156,,2025-01-13T13:48:01.766679Z,46652bcd-0379-44ba-8fcc-792d2f2feaa4,45,4216.21,189729.45,Cancelled
58e26e6d-f88d-4a6d-863e-c8a2b173bc57,,b62dec3d-5554-4888-b984-61f6ed2a4727,2025-02-02T02:05:08.884135Z,b7f28971-3a46-4126-aa78-cffa48a9ce07,54,4130.56,223050.24,Placed
6f6ba63e-63b1-4d01-832d-ef235226f190,,52b1fe8d-4d88-4274-8508-69ae24fbe422,2024-11-07T03:10:50.008888Z,e8d69a62-ab7f-4589-9dd5-c5dbfe30777a,47,5666.87,266342.89,Cancelled
15715dc9-930c-4919-95c7-498ce6c87a0a,2115bcb0-f17d-4f99-af19-8436773c1092,,2025-01-21T13:05:40.496142Z,9eca2efe-0b50-4e9c-818a-168a791e4066,75,3184.85,238863.75,Cancelled
cd83f07d-5ba8-4a84-8280-9f5b01f4be61,,ef088c6a-2955-4382-a0dd-fba8f50c6b12,2024-11-18T10:59:40.649013Z,4c41253a-559a-4cb3-957d-6a064c9d1262,79,1749.63,138220.77,Delivered
ccbc5b61-740f-4614-b22e-b242d0236c91,a786e3f0-eb2b-4e5c-a2e2-ac266787a8a5,,2025-02-17T21:40:41.184828Z,c0363488-7bc8-4d4d-ade0-8ce4a47561df,87,3209.02,279184.74,Shipped
5b8afa40-d3ea-4aa9-a774-bf5ed01ed88b,a5630c70-6fe3-4b7f-836d-aecbee70b4cf,,2025-02-04T10:42:24.654999Z,05cdd4a5-c755-4ed6-90ab-5ea9107fd5cb,49,120.38,5898.62,Cancelled
efffac16-4da6-4f0e-8c8e-3fbbcedcd287,,9d390743-0d8b-4d0f-b8f1-a5d8e1d883cc,2024-11-11T05:13:41.40697Z,e8d69a62-ab7f-4589-9dd5-c5dbfe30777a,34,5666.87,192673.58,Placed
8b8c5781-6d54-45c6-adf8-c2ea33b50d45,ffb50e34-9bed-4529-9d73-3d8ff5c71ccd,,2024-12-07T23:05:39.683568Z,26b6e9fb-e5e7-46fa-9b25-866f7ff2dea7,52,9844.44,511910.88,Cancelled
2c188abd-47aa-42dc-859f-3a06e58db843,f9d42859-884f-4601-b965-851cec0d9156,,2024-11-02T08:20:01.907382Z,aad46cb8-27b1-4d17-bd83-a17b43acdde9,93,5855.54,544565.22,Delivered
7a639c27-357c-40b6-af0a-8aec79426b8f,a786e3f0-eb2b-4e5c-a2e2-ac266787a8a5,,2024-12-15T07:00:13.848356Z,2523d1c2-146b-4481-a5de-1d05ab90f87c,58,9931.56,576030.48,Shipped
3c6cf94f-882b-4f08-932f-8d9ff5c6bc4d,,fb5b0b46-99a3-4ee2-b9df-9bd8c572226b,2024-11-14T06:03:34.290853Z,81af8c71-f132-4e91-8db2-8756e78b389b,56,7699.83,431190.48,Placed
0f2e1432-7fc6-4624-9473-927f3efd109e,ed8ce8a5-3bfc-4f75-ab62-0ad71ba936be,,2025-01-14T00:05:30.897482Z,efe30164-fb58-45f8-bd85-f29a1dcd7990,18,5557.83,100040.94,Cancelled
c35e22f0-7148-4b0e-81a8-15356410a95d,,ae377ab9-3749-4f5a-893c-35420aca318d,2025-01-06T00:21:29.216135Z,05cdd4a5-c755-4ed6-90ab-5ea9107fd5cb,8,120.38,963.04,Placed
c4e53de5-2408-4058-b626-5527a552f53a,f5969e89-2771-4828-89bd-8a7fc56929e2,,2024-11-06T15:35:07.932119Z,6e1deaf4-5da0-4af0-9c94-0502a69807ff,21,499.00,10479.00,Cancelled
06443d85-ef6f-4aef-b42d-3e572b65692a,81204b73-d449-40c4-96e5-2bd501fd44c4,,2025-01-11T05:10:21.543314Z,9ba4810a-12af-4b73-ab79-0eb71f5ac9e4,64,3910.30,250259.20,Cancelled
9d230b54-f662-47d7-9389-be0b9a023e10,,0162a5a2-3a51-4995-8345-18a6d2e840f7,2025-02-06T14:20:21.039571Z,9eca2efe-0b50-4e9c-818a-168a791e4066,90,3184.85,286636.50,Placed
62f3ab39-21be-46a1-a009-50c0cd47fbd4,,193cfe2d-2c95-4fc5-b254-e8bf59f5113e,2025-01-06T07:56:58.166613Z,dcffaf6e-c352-4c3e-a356-ea0ceac7f054,46,3454.17,158891.82,Placed
ad05ffe2-6f41-441b-a5a9-d7b8bf389ad2,2115bcb0-f17d-4f99-af19-8436773c1092,,2024-11-21T08:15:47.830473Z,b4b9ded9-ca06-45c4-814b-3b3631aa5f38,59,6856.08,404508.72,Delivered
80e06ed7-9e8a-46ad-bc66-ccd3d5e8bcfb,81204b73-d449-40c4-96e5-2bd501fd44c4,,2024-11-30T15:09:18.857249Z,f984b229-bfda-4e33-a231-7cb7656c62f6,42,3385.51,142191.42,Delivered
f4ea161d-d3f6-4fbb-8c41-6705af7c574f,,c53e738a-fd7f-46c7-87b8-730fa058c566,2024-11-16T20:45:41.026497Z,2523d1c2-146b-4481-a5de-1d05ab90f87c,14,9931.56,139041.84,Placed
5cad6a41-2c51-4826-942b-403483bbabd6,,bebeba31-93ca-45e4-916b-e3c41f101bae,2024-11-13T17:44:00.747614Z,7b85b3be-ec90-44e8-a2c2-0b6bc35ebe46,37,6018.63,222689.31,Cancelled
1de1c0d5-f3b5-4967-9960-901f2a5bbce8,,0162a5a2-3a51-4995-8345-18a6d2e840f7,2024-12-26T20:47:55.100326Z,80834040-c6e4-4564-83d2-d44f371e0d4f,67,7280.36,487784.12,Cancelled
709fd270-8cc6-441e-b578-ea627330ac12,28635edf-c8eb-46ea-bdb7-f1a8657fe5f7,,2025-01-01T17:43:04.670623Z,c0363488-7bc8-4d4d-ade0-8ce4a47561df,96,3209.02,308065.92,Cancelled
0e260e81-1f3f-417d-9b83-d055b3f129e4,b3939c78-4aea-4807-9fcf-06cf68ca3a34,,2024-11-04T16:11:38.002572Z,cf540f2c-9bef-4afb-9c54-ff8c91eb2695,29,4381.38,127060.02,Shipped
88941800-a437-4b06-892b-834e64f8fa0c,cc0f0c4e-34b5-466e-8b02-f379fea845a7,,2025-01-12T23:27:26.018817Z,4d7a3632-ec1b-4020-9e85-890333aec045,41,4469.62,183254.42,Delivered
8c33816e-b7f6-4f73-b1dc-7b2bda911e4a,9e1b88dd-c945-4406-9491-3d209474058f,,2025-02-17T18:09:27.812587Z,aad46cb8-27b1-4d17-bd83-a17b43acdde9,54,5855.54,316199.16,Cancelled
efd3d35e-d224-4e3e-93d3-ef44489eab1c,2ab2299f-5616-4544-a790-69c36ec29c5f,,2025-02-07T16:43:21.837084Z,1baf6986-6381-4e38-8aa5-e2083f7581c3,58,612.91,35548.78,Shipped
4f796894-dc5d-41d3-ada7-138189716a08,11fe6c9e-fd8a-4a2c-9d97-6eaf00662484,,2024-12-20T08:15:24.420275Z,afb4fba0-2192-4910-aee7-88a34a295470,49,3196.85,156645.65,Shipped
e6fb532c-ba63-4c98-bcf7-df22b8a50b3b,129287b3-5f5b-401d-b155-3d81ccd072c1,,2025-02-14T13:15:11.530765Z,7b85b3be-ec90-44e8-a2c2-0b6bc35ebe46,64,6018.63,385192.32,Placed
425e2998-a489-4d9f-a970-4319e4754345,,87b0bd94-6301-44f0-b660-31fd77726c1a,2025-02-05T16:01:54.389085Z,d0bae53e-a97c-49d5-aad1-1f2d9c96589f,39,8553.20,333574.80,Shipped
aba4f0e9-ad78-412f-ba17-a8a039f5926f,,a16c9e3e-acc7-408e-b255-0d5c3b86bd0b,2025-02-19T10:28:26.014108Z,7c76d6bf-c650-4ccb-b3de-99634402528c,17,2756.71,46864.07,Delivered
bd73a4c6-d85a-4f47-bd85-41f10a676987,d436552f-4c83-4aa7-a3b8-d935dd95ed15,,2024-11-16T12:48:41.00786Z,919315c0-eca1-418e-9e40-ff26b67288d8,93,4998.15,464827.95,Delivered
7aa993e0-3d35-4735-9444-9b9dc6f27b90,b3939c78-4aea-4807-9fcf-06cf68ca3a34,,2024-12-22T21:07:00.770385Z,c0363488-7bc8-4d4d-ade0-8ce4a47561df,69,3209.02,221422.38,Delivered
c844b1f9-581b-4947-a60b-688f3c63222c,f0bd7576-e2a8-4940-8bbf-4ce9aaa60604,,2025-02-03T15:22:06.329944Z,26b6e9fb-e5e7-46fa-9b25-866f7ff2dea7,94,9844.44,925377.36,Cancelled
66098178-7554-4558-86e6-68640ce80d15,af163a3f-7e3a-48a8-bca1-54be94de0a9b,,2024-11-23T21:19:16.840107Z,609547a7-6591-4734-afcd-7884b815dea5,100,8965.55,896555.00,Delivered
3c2e5030-ce1f-4001-83a0-c600a741fc7c,,d43b3fa9-daaf-48c7-8c05-751e4478d9b2,2024-12-16T23:16:34.016921Z,4c41253a-559a-4cb3-957d-6a064c9d1262,99,1749.63,173213.37,Placed
b7a73c17-c96f-4865-af58-b457055ad0af,5e78b640-9a70-45f6-acd9-5e0ba74ef241,,2025-01-19T21:55:23.36234Z,b4b9ded9-ca06-45c4-814b-3b3631aa5f38,96,6856.08,658183.68,Shipped
12748eaa-6019-4cd3-8709-644b6a227f53,fdb3295f-480f-4126-9a94-78f91e0ea9e0,,2024-11-09T06:22:40.58399Z,b7f28971-3a46-4126-aa78-cffa48a9ce07,86,4130.56,355228.16,Delivered
12e39045-b94d-4574-8791-458dcd21cb97,,c4e90822-92db-43ce-85d0-de2f065d89ba,2025-01-04T09:17:07.08849Z,aff6312b-9d3c-4531-9c3a-b542894e5905,31,6833.29,211831.99,Shipped
2fc62cae-92df-4541-9a59-6363200510ac,81204b73-d449-40c4-96e5-2bd501fd44c4,,2024-12-20T18:55:37.847983Z,56399415-2ab3-4ef8-9f19-a48990c0b1ed,20,3227.44,64548.80,Delivered
51d27248-1601-4ee0-b12b-098451df1237,129287b3-5f5b-401d-b155-3d81ccd072c1,,2025-02-08T01:59:52.895072Z,1baf6986-6381-4e38-8aa5-e2083f7581c3,47,612.91,28806.77,Delivered
47a3dd32-8cf3-473f-b6f9-dad630abf47b,e678df69-5da3-4eea-b1a8-e6fbc1deba53,,2024-12-23T23:14:19.038018Z,f984b229-bfda-4e33-a231-7cb7656c62f6,90,3385.51,304695.90,Placed
b937adf9-3d55-463e-801e-1d0d2818a91b,13e64832-ece8-4c12-8264-be74dcd3ef5c,,2024-11-28T05:34:31.86669Z,919315c0-eca1-418e-9e40-ff26b67288d8,21,4998.15,104961.15,Delivered
64353905-0551-4807-98b7-7be0d322c830,af163a3f-7e3a-48a8-bca1-54be94de0a9b,,2025-01-06T18:15:48.135611Z,1baf6986-6381-4e38-8aa5-e2083f7581c3,40,612.91,24516.40,Cancelled
f63e0019-4bd2-430b-916d-add29c8178ce,,c53e738a-fd7f-46c7-87b8-730fa058c566,2025-02-14T22:52:46.634305Z,c0363488-7bc8-4d4d-ade0-8ce4a47561df,82,3209.02,263139.64,Shipped
dcb1b805-c24f-446a-b5f8-5fa1233a60a2,a5630c70-6fe3-4b7f-836d-aecbee70b4cf,,2025-01-28T00:02:13.059881Z,1a34e3d1-b349-40a2-bd1d-aef8357b0a08,28,2548.36,71354.08,Shipped
4a6c8416-8762-4ba5-bb92-f6fea1d69d40,,fb5b0b46-99a3-4ee2-b9df-9bd8c572226b,2025-01-30T08:29:02.953153Z,cf540f2c-9bef-4afb-9c54-ff8c91eb2695,67,4381.38,293552.46,Delivered
d861f3f5-87dc-48e1-993a-ae69f5bb6d8a,,d43b3fa9-daaf-48c7-8c05-751e4478d9b2,2024-12-19T13:35:48.294812Z,0d9bdd60-139e-4189-969b-d07efbbc06e6,38,204.96,7788.48,Delivered
51c7a92d-d74c-41d9-b9ea-ae415a922350,af17eff4-a04c-41c5-aeac-58998b3a1764,,2024-12-27T09:59:26.914261Z,dcffaf6e-c352-4c3e-a356-ea0ceac7f054,84,3454.17,290150.28,Placed
352a4d72-8d8e-49d0-8c46-fe59c079214d,,c53e738a-fd7f-46c7-87b8-730fa058c566,2025-01-24T06:23:33.352231Z,c8e01e32-512c-455c-ad14-e8a2049628d4,89,6578.66,585500.74,Cancelled
77924120-a740-4c3c-b924-b2b85924d345,a5630c70-6fe3-4b7f-836d-aecbee70b4cf,,2024-12-15T19:45:17.235544Z,56399415-2ab3-4ef8-9f19-a48990c0b1ed,93,3227.44,300151.92,Cancelled
9eb3a87a-b1f9-485b-874c-613ce0665a85,a5630c70-6fe3-4b7f-836d-aecbee70b4cf,,2024-12-11T18:02:47.08362Z,6e1deaf4-5da0-4af0-9c94-0502a69807ff,14,499.00,6986.00,Shipped
37653090-182d-4692-8232-303b244bcb40,,486e542d-3aff-4b31-a55d-19ac14f3e36d,2025-01-10T09:38:22.492896Z,609547a7-6591-4734-afcd-7884b815dea5,57,8965.55,511036.35,Shipped
b4579b3a-6b5b-4d55-a01c-02d729a96771,,9617a09e-4917-4bce-8144-104cbf058b4f,2025-01-21T20:01:00.481786Z,400dab25-1a83-4944-bfb3-a182219bfbac,52,7405.29,385075.08,Delivered
b4a46b5b-143a-42d5-95f8-d8b03db5bdf6,af163a3f-7e3a-48a8-bca1-54be94de0a9b,,2024-11-20T06:58:11.800112Z,4c41253a-559a-4cb3-957d-6a064c9d1262,2,1749.63,3499.26,Delivered
148b89f2-f2c5-4146-9480-2c8f5a9c4610,ed8ce8a5-3bfc-4f75-ab62-0ad71ba936be,,2025-02-15T02:44:47.247591Z,3f8265a5-c27a-4f4e-a88f-d4fca449b0b6,69,5407.59,373123.71,Delivered
c1a93876-5d9d-4554-85a7-7280a7ccc337,e678df69-5da3-4eea-b1a8-e6fbc1deba53,,2025-01-01T21:45:29.323209Z,88a162eb-cea8-466c-a004-61300ae0a332,87,7853.29,683236.23,Shipped
19119cc6-21c9-48e8-bfba-f4d5615bbc24,,52b1fe8d-4d88-4274-8508-69ae24fbe422,2025-01-28T17:18:40.951989Z,4d7a3632-ec1b-4020-9e85-890333aec045,41,4469.62,183254.42,Placed
cbc233ea-c614-483a-b407-6591048e545d,2115bcb0-f17d-4f99-af19-8436773c1092,,2025-01-12T01:17:35.105276Z,9eca2efe-0b50-4e9c-818a-168a791e4066,8,3184.85,25478.80,Cancelled
31d49656-d5fc-4719-bd98-36f3aebd3ed2,e4537695-b6e8-4169-a76c-0dff7a043bb6,,2025-02-23T02:40:36.175863Z,861f843c-d8d7-4929-a2d1-ac17b32e916f,45,549.57,24730.65,Cancelled
a9113593-0834-48f6-825b-b303bb3cb11b,129287b3-5f5b-401d-b155-3d81ccd072c1,,2024-11-18T09:55:56.794935Z,4c41253a-559a-4cb3-957d-6a064c9d1262,47,1749.63,82232.61,Shipped
87cacf81-e778-4274-b4c8-1ae5d6c3e5bd,d3bafc1c-8b67-4deb-927c-d16c64677ed2,,2024-11-12T21:59:26.09229Z,88a162eb-cea8-466c-a004-61300ae0a332,60,7853.29,471197.40,Delivered
8996910b-43b2-46cb-9863-222d56fef48d,,08cc12ea-162a-4674-b244-005e904177db,2024-11-21T16:40:42.897112Z,e8d69a62-ab7f-4589-9dd5-c5dbfe30777a,96,5666.87,544019.52,Delivered
e0acedae-fa24-42f6-9ba0-da5de8fc71f6,9e1b88dd-c945-4406-9491-3d209474058f,,2025-01-01T15:39:57.331472Z,2432ec3d-c0b8-4359-9171-8d3e4ef559c2,30,5609.47,168284.10,Cancelled
a1e249e7-3a59-4cf6-804c-38abfdf12ec1,,c4116d04-6219-4e92-8d18-b8fba25ef526,2025-02-05T00:39:05.171576Z,861f843c-d8d7-4929-a2d1-ac17b32e916f,45,549.57,24730.65,Delivered
f1ebe6e7-cde2-456f-b8a9-d70ffaa40cd0,,b2780ebb-c064-4726-aab5-86c2ff115248,2024-11-17T17:29:17.162609Z,aff6312b-9d3c-4531-9c3a-b542894e5905,72,6833.29,491996.88,Cancelled
0f816c83-1d35-4c2c-8fda-053863d64afb,0cc76642-95d3-45de-8eae-70dfd32faaa8,,2024-12-22T10:48:25.606901Z,1baf6986-6381-4e38-8aa5-e2083f7581c3,66,612.91,40452.06,Placed
9e109b82-7394-4d02-95f3-4be4254b1da7,,9d390743-0d8b-4d0f-b8f1-a5d8e1d883cc,2025-01-17T22:07:40.36384Z,80834040-c6e4-4564-83d2-d44f371e0d4f,46,7280.36,334896.56,Delivered
2dc3f892-1952-47fc-ac8d-ea59d6f57b60,2115bcb0-f17d-4f99-af19-8436773c1092,,2025-02-17T11:04:50.895703Z,9eca2efe-0b50-4e9c-818a-168a791e4066,33,3184.85,105100.05,Delivered
8753c105-7cfd-4d49-a055-83f4af5963b9,,c4116d04-6219-4e92-8d18-b8fba25ef526,2024-11-07T11:37:10.868965Z,4c41253a-559a-4cb3-957d-6a064c9d1262,1,1749.63,1749.63,Shipped
38a31dcd-59b9-4a9b-9519-0b022b78e43e,,c4e90822-92db-43ce-85d0-de2f065d89ba,2025-01-22T21:02:59.023612Z,afb4fba0-2192-4910-aee7-88a34a295470,83,3196.85,265338.55,Cancelled
91a50497-393c-490b-805e-d223c034ddf7,,44ba44c0-f834-45d4-8cd8-14a185466b63,2024-12-02T21:55:35.699817Z,919315c0-eca1-418e-9e40-ff26b67288d8,45,4998.15,224916.75,Delivered
b2c93d32-edef-40d2-9034-60d24ebd9393,af17eff4-a04c-41c5-aeac-58998b3a1764,,2025-02-02T08:26:29.017928Z,1a34e3d1-b349-40a2-bd1d-aef8357b0a08,46,2548.36,117224.56,Cancelled
161fcb3f-bc7a-4abc-95e1-b93bee8d13cb,,87b0bd94-6301-44f0-b660-31fd77726c1a,2025-01-18T08:09:47.62512Z,dc962280-d94f-4239-b75c-ecc91fcc8acb,35,6454.77,225916.95,Shipped
6f99f8d0-ab2c-471b-a5be-c8e264448cb4,ed8ce8a5-3bfc-4f75-ab62-0ad71ba936be,,2025-01-07T04:24:19.722943Z,aad46cb8-27b1-4d17-bd83-a17b43acdde9,7,5855.54,40988.78,Shipped
5649c3ab-a7c4-4633-b04f-952f42bd5816,,486e542d-3aff-4b31-a55d-19ac14f3e36d,2025-02-27T01:28:26.926521Z,b7f28971-3a46-4126-aa78-cffa48a9ce07,76,4130.56,313922.56,Shipped
c88d8988-bbb1-4933-b822-123b3942153d,31c1065b-9160-49a0-a158-b4a571b564c0,,2025-01-09T14:13:14.206492Z,1a34e3d1-b349-40a2-bd1d-aef8357b0a08,77,2548.36,196223.72,Shipped
59c41f63-346c-467b-8f94-4755203090ed,,486e542d-3aff-4b31-a55d-19ac14f3e36d,2024-12-24T10:02:43.190957Z,7b85b3be-ec90-44e8-a2c2-0b6bc35ebe46,90,6018.63,541676.70,Cancelled
df09561a-9e18-4261-b90e-96aec8f9c905,d3f848f5-6402-4ee3-be72-ed086a049a8b,,2024-11-03T05:58:51.087678Z,d0bae53e-a97c-49d5-aad1-1f2d9c96589f,72,8553.20,615830.40,Placed
abc63bed-6abb-4f85-a3f8-b69fa0f7c3a5,,08cc12ea-162a-4674-b244-005e904177db,2024-12-18T06:00:29.49555Z,dc962280-d94f-4239-b75c-ecc91fcc8acb,45,6454.77,290464.65,Shipped
5420ce20-110f-43bd-8c14-ae142af07e35,e678df69-5da3-4eea-b1a8-e6fbc1deba53,,2024-12-23T19:29:44.116196Z,919315c0-eca1-418e-9e40-ff26b67288d8,88,4998.15,439837.20,Placed
af647396-d2f5-4f46-86cb-0fc7222bdb24,f1ad867c-c99c-4f3b-baf3-ad7a7493a5e0,,2024-11-24T18:16:09.596757Z,afb4fba0-2192-4910-aee7-88a34a295470,32,3196.85,102299.20,Shipped
7cc17187-464a-4c52-843b-609e831baca4,,87b0bd94-6301-44f0-b660-31fd77726c1a,2025-01-24T10:27:36.080089Z,b4b9ded9-ca06-45c4-814b-3b3631aa5f38,13,6856.08,89129.04,Shipped
dc0f2095-e715-4a0a-be30-2eee0ce748aa,a5630c70-6fe3-4b7f-836d-aecbee70b4cf,,2024-11-22T13:18:24.713996Z,56399415-2ab3-4ef8-9f19-a48990c0b1ed,90,3227.44,290469.60,Shipped
e94f708b-c5e7-415d-8b44-c48e99b0fd6e,,7a42b05b-c7ea-4cab-8462-0b3eee78fae4,2024-12-03T11:33:12.534999Z,9ac2c791-dbd5-4e58-bc89-6db53a3d16f1,53,3298.29,174809.37,Cancelled
a00829dc-6cc4-4dd3-aa8c-7326c6a2e8d9,d436552f-4c83-4aa7-a3b8-d935dd95ed15,,2025-01-09T15:21:08.751741Z,a8c759fa-637a-4c7f-85f0-2a669efa8ca8,92,5792.72,532930.24,Shipped
7a7de64d-2ef7-4ecf-8766-56fcbfcbefc8,d307019e-2edb-4a69-b29a-8da37d3aaf3a,,2025-02-14T22:03:35.690163Z,56399415-2ab3-4ef8-9f19-a48990c0b1ed,6,3227.44,19364.64,Placed
9662bccd-7320-4db8-a448-093bc5339559,,fb5b0b46-99a3-4ee2-b9df-9bd8c572226b,2024-12-22T19:44:00.245154Z,3f8265a5-c27a-4f4e-a88f-d4fca449b0b6,89,5407.59,481275.51,Placed
a6d047c7-2fde-4782-a73f-b79cde4074f0,,0189398d-93eb-49c0-ac71-a43c4f5d2dc1,2024-12-22T00:33:26.158357Z,e56703a8-286e-4bc6-b78f-7d448b6f6817,73,8015.50,585131.50,Shipped
1574c147-de94-4cf9-96b0-c690f788f25a,7eebe96c-3d12-40a7-a5ea-6c11799108a2,,2025-02-12T00:44:43.379787Z,a8c759fa-637a-4c7f-85f0-2a669efa8ca8,71,5792.72,411283.12,Delivered
ae44fb7b-2278-444b-afd3-5f677c38fd6e,,c4e90822-92db-43ce-85d0-de2f065d89ba,2025-01-24T03:22:47.591999Z,efe30164-fb58-45f8-bd85-f29a1dcd7990,85,5557.83,472415.55,Shipped
dbde79a7-617f-41cc-bca7-7096d362a2b6,d3bafc1c-8b67-4deb-927c-d16c64677ed2,,2025-02-19T12:44:27.240029Z,400dab25-1a83-4944-bfb3-a182219bfbac,24,7405.29,177726.96,Shipped
2e668a96-5c40-464f-be22-6f86be60d70a,,52b1fe8d-4d88-4274-8508-69ae24fbe422,2025-01-22T00:01:45.186249Z,9eca2efe-0b50-4e9c-818a-168a791e4066,27,3184.85,85990.95,Placed
59f9734a-7347-4f6a-bb49-27a27a442eee,,fed844d0-19eb-4e38-9120-a097e9c6db3d,2024-12-31T12:30:25.568164Z,0d9bdd60-139e-4189-969b-d07efbbc06e6,96,204.96,19676.16,Delivered
142c598e-3c3a-477b-9ed6-611acdecbe35,2ab2299f-5616-4544-a790-69c36ec29c5f,,2025-02-15T19:53:49.297649Z,ff8bbcb6-3640-45df-ae4e-3f75bf8093b8,8,3286.32,26290.56,Placed
2fa0fa4d-e38a-44f5-bba5-2efe6e0426aa,d436552f-4c83-4aa7-a3b8-d935dd95ed15,,2025-02-08T01:02:14.612226Z,05cdd4a5-c755-4ed6-90ab-5ea9107fd5cb,42,120.38,5055.96,Cancelled
081c8fe2-6a49-441f-a0f1-492f2db0068e,,fed844d0-19eb-4e38-9120-a097e9c6db3d,2024-11-18T03:35:06.39416Z,609547a7-6591-4734-afcd-7884b815dea5,51,8965.55,457243.05,Delivered
ad2cadf2-702a-4172-a1a7-8df78b759294,,fed844d0-19eb-4e38-9120-a097e9c6db3d,2025-02-20T01:08:12.696218Z,7b85b3be-ec90-44e8-a2c2-0b6bc35ebe46,8,6018.63,48149.04,Cancelled
87928a3f-62ba-4c2a-bbcb-7f564f2f0c88,,c4116d04-6219-4e92-8d18-b8fba25ef526,2024-11-04T04:37:17.291479Z,b7f28971-3a46-4126-aa78-cffa48a9ce07,26,4130.56,107394.56,Delivered
98614dc7-5926-4a0c-a768-bb514abdb26c,deeb5f0e-7d78-40ea-a4ac-187b585b794d,,2024-12-29T12:14:42.765711Z,d0bae53e-a97c-49d5-aad1-1f2d9c96589f,30,8553.20,256596.00,Shipped
fe5f2b1d-8fd1-4353-90ba-c0a00caa2da3,,cd08ffe3-99f4-45b4-b6ef-bde3c183f54a,2024-12-26T06:39:59.333124Z,f984b229-bfda-4e33-a231-7cb7656c62f6,1,3385.51,3385.51,Delivered
a2bba5f1-c24c-418b-a350-dafe4b7da5f2,,fb5b0b46-99a3-4ee2-b9df-9bd8c572226b,2024-12-26T15:16:11.761624Z,efe30164-fb58-45f8-bd85-f29a1dcd7990,95,5557.83,527993.85,Placed
aeed6b44-6121-429c-ac0c-4d2e58c4380f,,87b0bd94-6301-44f0-b660-31fd77726c1a,2025-02-24T06:24:36.090617Z,7c76d6bf-c650-4ccb-b3de-99634402528c,52,2756.71,143348.92,Shipped
f6bb023b-601d-418c-b1d7-048faac5a065,fdb3295f-480f-4126-9a94-78f91e0ea9e0,,2024-12-03T11:12:49.893443Z,861f843c-d8d7-4929-a2d1-ac17b32e916f,9,549.57,4946.13,Cancelled
aab29776-0344-43f3-89e8-8aee5e82c2f8,13e64832-ece8-4c12-8264-be74dcd3ef5c,,2025-02-27T04:37:24.300195Z,05cdd4a5-c755-4ed6-90ab-5ea9107fd5cb,71,120.38,8546.98,Cancelled
99e6cbc1-87bc-4893-b01a-f7b730d47990,af17eff4-a04c-41c5-aeac-58998b3a1764,,2024-12-22T01:28:44.026824Z,56399415-2ab3-4ef8-9f19-a48990c0b1ed,13,3227.44,41956.72,Cancelled
cb2c5d37-91eb-4602-9643-f919dde7ed44,b3939c78-4aea-4807-9fcf-06cf68ca3a34,,2025-02-09T06:31:02.990215Z,9ac2c791-dbd5-4e58-bc89-6db53a3d16f1,27,3298.29,89053.83,Shipped
937080b0-88fa-4699-a4bf-4e2de4f467a2,63a8de15-3917-4b9d-a396-fc590bd721ae,,2025-01-09T00:41:04.941645Z,ff8bbcb6-3640-45df-ae4e-3f75bf8093b8,42,3286.32,138025.44,Shipped
642fb9aa-8931-447b-9d3f-e7e8dc98c6e6,,9d390743-0d8b-4d0f-b8f1-a5d8e1d883cc,2024-11-13T08:00:44.79158Z,4d7a3632-ec1b-4020-9e85-890333aec045,39,4469.62,174315.18,Delivered
4646a5d8-da06-43fa-a832-9251718cee28,a786e3f0-eb2b-4e5c-a2e2-ac266787a8a5,,2025-01-02T06:12:59.300412Z,c8e01e32-512c-455c-ad14-e8a2049628d4,6,6578.66,39471.96,Placed
71eaf96e-ab64-495b-9ce4-d769dff3e45f,,a16c9e3e-acc7-408e-b255-0d5c3b86bd0b,2024-12-20T08:51:25.228632Z,9eca2efe-0b50-4e9c-818a-168a791e4066,28,3184.85,89175.80,Delivered
8e78d234-a782-49b1-89fa-352754832f4a,63a8de15-3917-4b9d-a396-fc590bd721ae,,2025-02-25T13:00:48.234766Z,0d9bdd60-139e-4189-969b-d07efbbc06e6,34,204.96,6968.64,Shipped
82b70993-0d98-4d68-81a2-33ec98a7a806,e4537695-b6e8-4169-a76c-0dff7a043bb6,,2024-12-30T17:37:22.770532Z,ff8bbcb6-3640-45df-ae4e-3f75bf8093b8,98,3286.32,322059.36,Shipped
a71a9b58-c652-485f-b97d-5f6cdf792ca3,,fb5b0b46-99a3-4ee2-b9df-9bd8c572226b,2024-11-25T23:27:11.624989Z,9ac2c791-dbd5-4e58-bc89-6db53a3d16f1,33,3298.29,108843.57,Placed
7dd0a1fa-0e8a-48e3-9de4-e3b27cd0ab49,,44ba44c0-f834-45d4-8cd8-14a185466b63,2024-12-07T08:41:23.337996Z,ece8a6fd-c768-4f5d-a823-f06f901fd869,10,8485.54,84855.40,Cancelled
c79aba40-7017-451d-8362-775399245322,5e78b640-9a70-45f6-acd9-5e0ba74ef241,,2025-01-28T14:45:56.277833Z,9eca2efe-0b50-4e9c-818a-168a791e4066,46,3184.85,146503.10,Cancelled
a8b940cf-3b79-4565-9eb1-b53da434e779,a1710657-3eae-4863-a2be-536cd109f139,,2024-11-25T03:12:22.155177Z,88a162eb-cea8-466c-a004-61300ae0a332,16,7853.29,125652.64,Shipped
0a6cc11c-f13c-4b6c-bbc3-c1a4f9c4d8b7,79f2fc25-4bb9-4044-9551-fe8365bc3615,,2024-12-11T03:27:37.652786Z,1baf6986-6381-4e38-8aa5-e2083f7581c3,11,612.91,6742.01,Delivered
346cda3f-eb03-4ef7-8863-32994b0f34cf,a5630c70-6fe3-4b7f-836d-aecbee70b4cf,,2024-12-21T17:52:33.096895Z,919315c0-eca1-418e-9e40-ff26b67288d8,16,4998.15,79970.40,Delivered
8fbf7924-e4fd-4a0d-be6d-e649413cad94,,a16c9e3e-acc7-408e-b255-0d5c3b86bd0b,2024-12-30T04:58:26.692765Z,9eca2efe-0b50-4e9c-818a-168a791e4066,27,3184.85,85990.95,Placed
3e862ddd-5904-49fc-9e53-1f3fbc102173,,b2780ebb-c064-4726-aab5-86c2ff115248,2024-12-14T03:24:55.051118Z,cf540f2c-9bef-4afb-9c54-ff8c91eb2695,39,4381.38,170873.82,Delivered
ba1fc068-de50-43cd-b5dc-ebfe24aa18a2,0cc76642-95d3-45de-8eae-70dfd32faaa8,,2025-02-13T06:53:31.572045Z,7b85b3be-ec90-44e8-a2c2-0b6bc35ebe46,47,6018.63,282875.61,Placed
cd2d801b-4e43-4b61-aace-66a0628c1929,a786e3f0-eb2b-4e5c-a2e2-ac266787a8a5,,2024-12-04T13:26:30.084689Z,59f20b6f-7082-4559-bc49-f2727c05a9a5,17,9075.44,154282.48,Placed
2985938b-c4dd-48e2-a615-c0650e5f1ed4,,ae377ab9-3749-4f5a-893c-35420aca318d,2024-12-29T04:13:45.05259Z,1a34e3d1-b349-40a2-bd1d-aef8357b0a08,33,2548.36,84095.88,Cancelled
512c9457-0ff2-447a-a5d6-fec068d17058,,0189398d-93eb-49c0-ac71-a43c4f5d2dc1,2024-12-06T09:16:47.260277Z,46652bcd-0379-44ba-8fcc-792d2f2feaa4,36,4216.21,151783.56,Shipped
2b2cf1bb-8a2b-4b94-9ba3-28b0d61c6fbb,af163a3f-7e3a-48a8-bca1-54be94de0a9b,,2024-12-29T23:34:53.11791Z,861f843c-d8d7-4929-a2d1-ac17b32e916f,100,549.57,54957.00,Cancelled
83e025aa-65ee-4a93-9b0e-85b48cd4a3bc,d307019e-2edb-4a69-b29a-8da37d3aaf3a,,2024-11-25T23:33:50.823723Z,400dab25-1a83-4944-bfb3-a182219bfbac,91,7405.29,673881.39,Cancelled
2ec38575-1aae-4609-b4f9-c022dc954720,,ef088c6a-2955-4382-a0dd-fba8f50c6b12,2024-12-03T06:43:09.090191Z,f81cb962-fcb4-401e-8b2e-32d848b6ce78,36,4949.01,178164.36,Delivered
d029a1cd-db42-4115-a212-ce0714728636,,0162a5a2-3a51-4995-8345-18a6d2e840f7,2025-02-11T14:47:51.200144Z,7c76d6bf-c650-4ccb-b3de-99634402528c,30,2756.71,82701.30,Placed
9061cd63-249b-4921-bd64-881d5456e994,7eebe96c-3d12-40a7-a5ea-6c11799108a2,,2024-11-05T14:25:38.37055Z,88a162eb-cea8-466c-a004-61300ae0a332,71,7853.29,557583.59,Delivered
b951478f-8079-4504-ac4c-fdea0f4b3f55,deeb5f0e-7d78-40ea-a4ac-187b585b794d,,2025-02-20T14:36:41.171989Z,7c76d6bf-c650-4ccb-b3de-99634402528c,77,2756.71,212266.67,Cancelled
7c5adf2a-235a-4426-bcee-707215662985,af163a3f-7e3a-48a8-bca1-54be94de0a9b,,2025-01-15T12:14:25.160686Z,7b85b3be-ec90-44e8-a2c2-0b6bc35ebe46,39,6018.63,234726.57,Shipped
95968255-77d1-4751-85ac-ef18f0a3e26c,,52b1fe8d-4d88-4274-8508-69ae24fbe422,2025-01-19T19:39:13.011645Z,4d7a3632-ec1b-4020-9e85-890333aec045,21,4469.62,93862.02,Cancelled
efd6d4c7-45f2-4e7b-92f8-ab1a0d733b17,,a16c9e3e-acc7-408e-b255-0d5c3b86bd0b,2024-12-02T15:43:34.212661Z,4d7a3632-ec1b-4020-9e85-890333aec045,3,4469.62,13408.86,Cancelled
469c5a51-02f0-4f68-8c6b-bfa8625ccc79,,bebeba31-93ca-45e4-916b-e3c41f101bae,2025-02-10T14:08:10.78489Z,b7f28971-3a46-4126-aa78-cffa48a9ce07,37,4130.56,152830.72,Placed
a9e3eb98-692b-4762-8c9c-91d295269730,,9617a09e-4917-4bce-8144-104cbf058b4f,2024-12-08T13:27:24.309872Z,a8c759fa-637a-4c7f-85f0-2a669efa8ca8,63,5792.72,364941.36,Placed
74353f19-1b65-4a72-80f9-c3e2038688fc,,ae377ab9-3749-4f5a-893c-35420aca318d,2025-01-14T17:34:31.356102Z,9ba4810a-12af-4b73-ab79-0eb71f5ac9e4,86,3910.30,336285.80,Cancelled
61517861-f70d-4726-8177-9feb96578e1a,a072f399-9e94-4736-9d5e-db4f734e21f4,,2024-12-17T05:59:27.199069Z,05cdd4a5-c755-4ed6-90ab-5ea9107fd5cb,39,120.38,4694.82,Delivered
db5a78d9-e62c-4b9e-bd01-797d08bb6e62,f5969e89-2771-4828-89bd-8a7fc56929e2,,2024-12-22T14:31:13.1896Z,f984b229-bfda-4e33-a231-7cb7656c62f6,41,3385.51,138805.91,Cancelled
86a182d5-aab4-4e47-99ca-32e1e9d40ad0,2e0632bd-73d3-4e0a-8df8-e5870e363172,,2024-11-30T12:42:57.155565Z,81af8c71-f132-4e91-8db2-8756e78b389b,95,7699.83,731483.85,Delivered
19b49ebd-f8b7-4fd9-8901-afc85ab2eb17,,0162a5a2-3a51-4995-8345-18a6d2e840f7,2025-01-08T03:12:58.396876Z,26b6e9fb-e5e7-46fa-9b25-866f7ff2dea7,83,9844.44,817088.52,Delivered
8def5de5-15ed-426f-a426-45cf0b07fa3b,,9617a09e-4917-4bce-8144-104cbf058b4f,2025-01-01T01:34:37.316015Z,ece8a6fd-c768-4f5d-a823-f06f901fd869,34,8485.54,288508.36,Delivered
59b72e21-5e40-4f3a-ad6f-45078cde8e77,,7a42b05b-c7ea-4cab-8462-0b3eee78fae4,2025-01-12T09:07:28.226413Z,2523d1c2-146b-4481-a5de-1d05ab90f87c,96,9931.56,953429.76,Cancelled
e84975f4-e393-4a6e-9a33-837d5ec9e12a,b3939c78-4aea-4807-9fcf-06cf68ca3a34,,2024-12-06T11:16:02.814274Z,214137c7-c837-4dba-8411-95d4dee87b3d,45,7806.48,351291.60,Cancelled
d5a9c249-b631-47c6-a38a-13887a500813,f0bd7576-e2a8-4940-8bbf-4ce9aaa60604,,2025-01-19T10:50:49.043887Z,26b6e9fb-e5e7-46fa-9b25-866f7ff2dea7,25,9844.44,246111.00,Delivered
a5b58280-086d-4820-83b1-dd922dc81245,13e64832-ece8-4c12-8264-be74dcd3ef5c,,2025-01-02T10:47:01.188317Z,05cdd4a5-c755-4ed6-90ab-5ea9107fd5cb,40,120.38,4815.20,Delivered
fe9ec2f6-0615-4b7e-a5fb-d7f2432cbd6c,d3f848f5-6402-4ee3-be72-ed086a049a8b,,2025-01-29T03:05:52.599418Z,e8d69a62-ab7f-4589-9dd5-c5dbfe30777a,91,5666.87,515685.17,Cancelled
16349900-8467-469a-b160-de9f9d8a1df8,,52b1fe8d-4d88-4274-8508-69ae24fbe422,2025-02-13T08:16:02.88176Z,e8d69a62-ab7f-4589-9dd5-c5dbfe30777a,86,5666.87,487350.82,Shipped
146dc3e8-9a47-499f-8fc0-3e731ceddb24,,6c8f7a85-3b46-47c0-8239-e6df37ce7232,2024-11-13T12:45:48.923842Z,4c41253a-559a-4cb3-957d-6a064c9d1262,59,1749.63,103228.17,Shipped
70041568-818a-4086-8df7-e2ce3f33ade3,fdb3295f-480f-4126-9a94-78f91e0ea9e0,,2024-12-18T10:11:00.389205Z,0d9bdd60-139e-4189-969b-d07efbbc06e6,44,204.96,9018.24,Placed
f78e3a83-60d6-41b6-bfd0-b457fcad3b6a,,0162a5a2-3a51-4995-8345-18a6d2e840f7,2024-11-06T01:16:39.675822Z,dc962280-d94f-4239-b75c-ecc91fcc8acb,36,6454.77,232371.72,Delivered
3a137d03-ed43-45e8-a9bf-701aaed61d87,28635edf-c8eb-46ea-bdb7-f1a8657fe5f7,,2024-12-28T14:33:12.397969Z,9306348b-183c-4d7f-b7f9-804d30f54c5e,21,9934.37,208621.77,Shipped
d0e4c1c0-ad55-40fd-b97d-b107f65ee7a6,,ef088c6a-2955-4382-a0dd-fba8f50c6b12,2025-01-29T01:22:13.580467Z,609547a7-6591-4734-afcd-7884b815dea5,23,8965.55,206207.65,Placed
60e19e58-68c2-41a7-b5e4-1ee37a2d40ed,,f0db3f80-cb85-42bb-ab54-0b92b10a7b27,2025-02-21T08:21:26.575658Z,609547a7-6591-4734-afcd-7884b815dea5,61,8965.55,546898.55,Shipped
879ebeb9-cb54-461d-b754-a8e8c6f67217,0cc76642-95d3-45de-8eae-70dfd32faaa8,,2024-11-03T23:38:23.705973Z,0d9bdd60-139e-4189-969b-d07efbbc06e6,18,204.96,3689.28,Shipped
3c5e41d4-fbf0-4eca-9967-9da0912b6278,a786e3f0-eb2b-4e5c-a2e2-ac266787a8a5,,2024-11-07T15:58:36.386111Z,cf540f2c-9bef-4afb-9c54-ff8c91eb2695,26,4381.38,113915.88,Cancelled
233151b3-9ad8-453d-9565-20fc7e1a3891,a1710657-3eae-4863-a2be-536cd109f139,,2024-12-04T10:27:12.760097Z,400dab25-1a83-4944-bfb3-a182219bfbac,60,7405.29,444317.40,Delivered
06fd68c2-c2c8-4c66-bf46-274ed5a901e1,0cc76642-95d3-45de-8eae-70dfd32faaa8,,2024-11-21T18:53:41.879113Z,f81cb962-fcb4-401e-8b2e-32d848b6ce78,18,4949.01,89082.18,Shipped
042e5211-e88a-42b5-8dc4-85c05477bc37,,0162a5a2-3a51-4995-8345-18a6d2e840f7,2025-01-15T23:55:30.449454Z,9eca2efe-0b50-4e9c-818a-168a791e4066,97,3184.85,308930.45,Placed
c31e6b02-fe4f-4694-9445-6fd9d125bbbf,,9617a09e-4917-4bce-8144-104cbf058b4f,2024-12-12T13:25:50.234904Z,400dab25-1a83-4944-bfb3-a182219bfbac,81,7405.29,599828.49,Cancelled
99eec3fc-cca2-4c3a-a006-dd86e27888ce,,44ba44c0-f834-45d4-8cd8-14a185466b63,2024-11-14T17:22:40.837029Z,ece8a6fd-c768-4f5d-a823-f06f901fd869,27,8485.54,229109.58,Shipped
4a6083de-a697-4998-ae20-a303797cdadb,f5969e89-2771-4828-89bd-8a7fc56929e2,,2024-12-09T12:59:32.521817Z,919315c0-eca1-418e-9e40-ff26b67288d8,76,4998.15,379859.40,Cancelled
258a1384-f332-4183-8b20-4deb08eb0550,5e78b640-9a70-45f6-acd9-5e0ba74ef241,,2024-11-29T01:07:53.648158Z,7c76d6bf-c650-4ccb-b3de-99634402528c,55,2756.71,151619.05,Shipped
2ac9ab47-d9aa-4c4c-b0af-410cc4c8c709,d436552f-4c83-4aa7-a3b8-d935dd95ed15,,2024-11-02T19:13:29.495955Z,dcffaf6e-c352-4c3e-a356-ea0ceac7f054,87,3454.17,300512.79,Placed
62194139-c688-4ca5-8cbd-a84ddb554147,,9617a09e-4917-4bce-8144-104cbf058b4f,2024-12-10T08:42:58.170874Z,05cdd4a5-c755-4ed6-90ab-5ea9107fd5cb,74,120.38,8908.12,Shipped
b87ffce0-a0ab-4558-874f-71b32f7a553e,79f2fc25-4bb9-4044-9551-fe8365bc3615,,2024-12-17T15:05:30.525043Z,7b85b3be-ec90-44e8-a2c2-0b6bc35ebe46,94,6018.63,565751.22,Shipped
47233cb6-ad79-4ac6-a897-6e8f7aeecd1d,,c4116d04-6219-4e92-8d18-b8fba25ef526,2025-01-06T03:58:19.991845Z,861f843c-d8d7-4929-a2d1-ac17b32e916f,90,549.57,49461.30,Placed
86e3cf32-7bc7-45f3-bb5b-bdba23300312,,a16c9e3e-acc7-408e-b255-0d5c3b86bd0b,2024-12-06T23:23:31.260795Z,dc962280-d94f-4239-b75c-ecc91fcc8acb,64,6454.77,413105.28,Cancelled
e95d5b7a-6689-4a70-8db4-972af68b4c9e,,9d390743-0d8b-4d0f-b8f1-a5d8e1d883cc,2024-11-09T12:05:14.204803Z,7c76d6bf-c650-4ccb-b3de-99634402528c,25,2756.71,68917.75,Placed
1a3043b4-4b34-4b82-8a02-78e6eb9af844,28635edf-c8eb-46ea-bdb7-f1a8657fe5f7,,2024-11-09T03:46:24.418531Z,2523d1c2-146b-4481-a5de-1d05ab90f87c,23,9931.56,228425.88,Delivered
df191989-533b-4988-890e-62c13055a21a,2115bcb0-f17d-4f99-af19-8436773c1092,,2024-12-28T11:21:08.214894Z,b4b9ded9-ca06-45c4-814b-3b3631aa5f38,78,6856.08,534774.24,Cancelled
e830a5cd-b291-4e17-8307-b4e47c6d82cf,,c53e738a-fd7f-46c7-87b8-730fa058c566,2024-11-29T09:38:05.585114Z,81af8c71-f132-4e91-8db2-8756e78b389b,58,7699.83,446590.14,Cancelled
2fd44ceb-7238-4861-9840-c826dd640e50,,fed844d0-19eb-4e38-9120-a097e9c6db3d,2025-02-22T08:13:18.047416Z,4c41253a-559a-4cb3-957d-6a064c9d1262,92,1749.63,160965.96,Cancelled
59abfae2-eef4-4a9d-b329-b59017453dce,af17eff4-a04c-41c5-aeac-58998b3a1764,,2024-12-06T04:34:22.904535Z,400dab25-1a83-4944-bfb3-a182219bfbac,25,7405.29,185132.25,Shipped
0a55efd4-8b66-4ac8-a97e-21cc1ff51926,0f44dfef-30da-4d85-9dab-27e096b0474b,,2024-11-30T11:51:15.101011Z,9ac2c791-dbd5-4e58-bc89-6db53a3d16f1,27,3298.29,89053.83,Placed
e559bb45-47c2-4c17-907f-4386f23610e8,52b507a5-29a7-4f66-9730-b2acb28054c1,,2024-11-08T14:03:34.188578Z,b4b9ded9-ca06-45c4-814b-3b3631aa5f38,10,6856.08,68560.80,Placed
e9c27580-5d9e-4443-9cc6-889ca29d5eb5,,c4116d04-6219-4e92-8d18-b8fba25ef526,2025-01-02T15:12:26.039611Z,b7f28971-3a46-4126-aa78-cffa48a9ce07,59,4130.56,243703.04,Placed
a5e6902e-6e6d-4c67-957a-385c910d0139,af163a3f-7e3a-48a8-bca1-54be94de0a9b,,2025-02-15T03:31:45.59674Z,4c41253a-559a-4cb3-957d-6a064c9d1262,48,1749.63,83982.24,Shipped
dd28cf67-2457-4f2f-a5de-5787f83fb2a5,a1710657-3eae-4863-a2be-536cd109f139,,2025-01-23T08:03:46.380965Z,05cdd4a5-c755-4ed6-90ab-5ea9107fd5cb,61,120.38,7343.18,Placed
4150f506-a2d7-49dc-9ce6-967d0f7fea36,28635edf-c8eb-46ea-bdb7-f1a8657fe5f7,,2024-12-30T20:29:07.520054Z,cf540f2c-9bef-4afb-9c54-ff8c91eb2695,99,4381.38,433756.62,Shipped
eeca7b83-e0a3-4b8c-9a59-dc17ea1ee671,81204b73-d449-40c4-96e5-2bd501fd44c4,,2025-02-04T12:08:34.942745Z,f984b229-bfda-4e33-a231-7cb7656c62f6,4,3385.51,13542.04,Placed
96a64f97-4ce9-49e4-9646-5a0decb2ea13,,c53e738a-fd7f-46c7-87b8-730fa058c566,2025-02-04T06:22:39.654716Z,5566c982-942a-41bd-8ef0-f2bc20a5f8a5,34,2524.10,85819.40,Placed
588675b0-ed05-44fe-85ec-4f332ba2a9fd,d3f848f5-6402-4ee3-be72-ed086a049a8b,,2025-02-13T08:36:59.707196Z,7c76d6bf-c650-4ccb-b3de-99634402528c,25,2756.71,68917.75,Cancelled
5105bbdc-6426-451a-9f9e-4617da2284c6,,3593a1f9-06d0-4971-86ed-d52655346099,2024-12-07T10:58:57.472733Z,aff6312b-9d3c-4531-9c3a-b542894e5905,19,6833.29,129832.51,Delivered
8daed7d9-e8d5-4cb7-bdd4-a6ff59e3942c,,c4116d04-6219-4e92-8d18-b8fba25ef526,2024-11-04T04:40:52.868525Z,861f843c-d8d7-4929-a2d1-ac17b32e916f,60,549.57,32974.20,Cancelled
e4fea20f-ae1e-41de-88d5-736d289b1121,,87b0bd94-6301-44f0-b660-31fd77726c1a,2024-12-10T08:51:12.112219Z,e8d69a62-ab7f-4589-9dd5-c5dbfe30777a,17,5666.87,96336.79,Shipped
80197a38-0483-4f53-86c5-81ce53a55c82,,7a42b05b-c7ea-4cab-8462-0b3eee78fae4,2025-01-16T09:03:50.414017Z,cf540f2c-9bef-4afb-9c54-ff8c91eb2695,80,4381.38,350510.40,Cancelled
eaa6ca46-c9ca-41ff-91d3-17ec37f52db6,,6c8f7a85-3b46-47c0-8239-e6df37ce7232,2024-12-10T18:20:21.43106Z,861f843c-d8d7-4929-a2d1-ac17b32e916f,72,549.57,39569.04,Shipped
186e5051-6d19-486f-b5ac-c2feaff8a818,,2726384c-a855-4378-bed2-2dad77d0d6c5,2025-01-06T17:54:44.082966Z,9ba4810a-12af-4b73-ab79-0eb71f5ac9e4,35,3910.30,136860.50,Placed
1d9f25ab-c587-401c-bf07-0c3fade7a797,,486e542d-3aff-4b31-a55d-19ac14f3e36d,2024-11-03T05:06:07.511036Z,f81cb962-fcb4-401e-8b2e-32d848b6ce78,78,4949.01,386022.78,Placed
dfdee9a8-fa0f-4f27-8835-b386c556cbb8,d307019e-2edb-4a69-b29a-8da37d3aaf3a,,2024-12-19T10:34:40.156622Z,05cdd4a5-c755-4ed6-90ab-5ea9107fd5cb,12,120.38,1444.56,Shipped
14d131ad-ef7b-4fd2-ae61-9dce2f161600,,193cfe2d-2c95-4fc5-b254-e8bf59f5113e,2025-01-27T02:09:55.041389Z,9ba4810a-12af-4b73-ab79-0eb71f5ac9e4,88,3910.30,344106.40,Delivered
36319182-3bd4-4bd1-aaf1-c6b82846a1fa,,6c8f7a85-3b46-47c0-8239-e6df37ce7232,2025-01-25T08:50:59.679236Z,1baf6986-6381-4e38-8aa5-e2083f7581c3,25,612.91,15322.75,Placed
afa6bc5c-0015-4cd3-9899-6c6a0439b858,,c53e738a-fd7f-46c7-87b8-730fa058c566,2025-01-28T10:11:39.638945Z,c8e01e32-512c-455c-ad14-e8a2049628d4,20,6578.66,131573.20,Delivered
fc146072-fd9c-4999-bebf-4a092cc750d4,cc0f0c4e-34b5-466e-8b02-f379fea845a7,,2024-11-22T00:52:35.585098Z,80834040-c6e4-4564-83d2-d44f371e0d4f,16,7280.36,116485.76,Shipped
df8c1497-470b-4cbc-ab83-6aee3c7d0e3d,79f2fc25-4bb9-4044-9551-fe8365bc3615,,2024-12-05T15:49:40.663391Z,1baf6986-6381-4e38-8aa5-e2083f7581c3,6,612.91,3677.46,Delivered
843d8b0a-ed7d-4930-a986-17f7f3bacef5,13e64832-ece8-4c12-8264-be74dcd3ef5c,,2025-02-18T09:39:28.667171Z,dcffaf6e-c352-4c3e-a356-ea0ceac7f054,30,3454.17,103625.10,Cancelled
11265f16-cc4f-4789-a08f-a28844538e1b,d436552f-4c83-4aa7-a3b8-d935dd95ed15,,2025-01-03T04:10:44.362763Z,dcffaf6e-c352-4c3e-a356-ea0ceac7f054,65,3454.17,224521.05,Shipped
417443b9-45ed-476e-be10-2bc0d4f03467,8be92d6a-01a0-4161-a6c5-bef92c6fe761,,2024-12-15T13:18:36.753836Z,861f843c-d8d7-4929-a2d1-ac17b32e916f,41,549.57,22532.37,Delivered
a0a88930-5f00-4e71-a2e1-4f61bcac080f,2ab2299f-5616-4544-a790-69c36ec29c5f,,2025-02-18T19:12:29.047949Z,0d9bdd60-139e-4189-969b-d07efbbc06e6,16,204.96,3279.36,Shipped
2de7c8a6-4e7b-4479-889d-4e3eb73f0981,b3939c78-4aea-4807-9fcf-06cf68ca3a34,,2024-11-14T11:03:54.577589Z,aff6312b-9d3c-4531-9c3a-b542894e5905,46,6833.29,314331.34,Cancelled
700d1cb8-df0e-4989-b975-572b247b36e2,,6c8f7a85-3b46-47c0-8239-e6df37ce7232,2025-01-18T11:05:18.219984Z,b7f28971-3a46-4126-aa78-cffa48a9ce07,49,4130.56,202397.44,Placed
c6b6470b-077f-4afc-8f7e-d60503ed8a8c,,3593a1f9-06d0-4971-86ed-d52655346099,2024-11-14T13:21:41.240146Z,c8e01e32-512c-455c-ad14-e8a2049628d4,81,6578.66,532871.46,Cancelled
fffdeee0-5e02-483e-ac0c-7fadc160237e,,bebeba31-93ca-45e4-916b-e3c41f101bae,2024-11-11T08:50:26.417927Z,7b85b3be-ec90-44e8-a2c2-0b6bc35ebe46,42,6018.63,252782.46,Shipped
feab6949-ac5b-48ca-a757-4ca1cc2106af,,486e542d-3aff-4b31-a55d-19ac14f3e36d,2025-02-21T16:16:54.55218Z,b7f28971-3a46-4126-aa78-cffa48a9ce07,76,4130.56,313922.56,Cancelled
633073ef-1f82-4d39-afcc-94b28f839871,,486e542d-3aff-4b31-a55d-19ac14f3e36d,2025-02-08T18:37:47.309654Z,861f843c-d8d7-4929-a2d1-ac17b32e916f,13,549.57,7144.41,Shipped
df6f907f-12b5-4dfa-996d-6a492d5ab1aa,2e0632bd-73d3-4e0a-8df8-e5870e363172,,2025-02-01T17:36:57.700592Z,c0363488-7bc8-4d4d-ade0-8ce4a47561df,87,3209.02,279184.74,Placed
204b885f-3e32-4cdc-8fb3-0663d3b46ff2,2115bcb0-f17d-4f99-af19-8436773c1092,,2025-01-28T04:45:35.238122Z,26b6e9fb-e5e7-46fa-9b25-866f7ff2dea7,19,9844.44,187044.36,Cancelled
c799ff45-293e-4173-a0d4-b14e04c6504a,,193cfe2d-2c95-4fc5-b254-e8bf59f5113e,2024-12-16T13:58:19.912792Z,ece8a6fd-c768-4f5d-a823-f06f901fd869,8,8485.54,67884.32,Delivered
ba20da82-9dc7-40ec-9839-bd30141e7bb1,d3bafc1c-8b67-4deb-927c-d16c64677ed2,,2024-11-30T14:53:02.179884Z,88a162eb-cea8-466c-a004-61300ae0a332,80,7853.29,628263.20,Shipped
c89d6911-fe26-464a-b079-65d950a88bdb,0f44dfef-30da-4d85-9dab-27e096b0474b,,2025-01-23T04:45:52.086108Z,46652bcd-0379-44ba-8fcc-792d2f2feaa4,3,4216.21,12648.63,Placed
7e12a2c4-f559-48f2-831c-2cf0ea8aa928,,a16c9e3e-acc7-408e-b255-0d5c3b86bd0b,2024-11-27T13:14:33.170468Z,d0bae53e-a97c-49d5-aad1-1f2d9c96589f,23,8553.20,196723.60,Placed
0bac8efa-e1e8-4697-b904-01cda2e0442c,d307019e-2edb-4a69-b29a-8da37d3aaf3a,,2024-11-07T03:18:06.753235Z,6e1deaf4-5da0-4af0-9c94-0502a69807ff,67,499.00,33433.00,Cancelled
859314b0-16a3-4fb5-a132-41c923b61cfd,af17eff4-a04c-41c5-aeac-58998b3a1764,,2025-02-24T08:34:23.92563Z,1a34e3d1-b349-40a2-bd1d-aef8357b0a08,26,2548.36,66257.36,Delivered
fd8b1d7b-907d-441e-be2c-36dcd6581d50,,b2780ebb-c064-4726-aab5-86c2ff115248,2025-02-02T19:41:23.62301Z,efe30164-fb58-45f8-bd85-f29a1dcd7990,86,5557.83,477973.38,Shipped
233abef5-2c53-4438-a495-58655c3a48a5,deeb5f0e-7d78-40ea-a4ac-187b585b794d,,2024-12-07T03:22:48.906754Z,e8d69a62-ab7f-4589-9dd5-c5dbfe30777a,6,5666.87,34001.22,Cancelled
54239e44-1890-43ce-b7ae-19195583f2d2,52b507a5-29a7-4f66-9730-b2acb28054c1,,2025-01-04T21:48:27.485996Z,7c76d6bf-c650-4ccb-b3de-99634402528c,17,2756.71,46864.07,Delivered
47bf30fc-82ee-4b57-bda1-b2305979ea5e,fdb3295f-480f-4126-9a94-78f91e0ea9e0,,2024-11-02T01:05:40.313339Z,861f843c-d8d7-4929-a2d1-ac17b32e916f,28,549.57,15387.96,Shipped
119a4a65-98d3-44f0-b861-c8774ec11675,,bebeba31-93ca-45e4-916b-e3c41f101bae,2025-01-06T04:04:58.106263Z,0d9bdd60-139e-4189-969b-d07efbbc06e6,18,204.96,3689.28,Shipped
b9291ba8-7195-4bae-a30a-24587ef66ed8,5e78b640-9a70-45f6-acd9-5e0ba74ef241,,2024-11-03T07:59:47.621561Z,e8d69a62-ab7f-4589-9dd5-c5dbfe30777a,53,5666.87,300344.11,Shipped
3aca7db2-2190-4c1b-9fa7-e0b2b437a27a,5e78b640-9a70-45f6-acd9-5e0ba74ef241,,2025-01-29T13:46:25.899985Z,d0bae53e-a97c-49d5-aad1-1f2d9c96589f,100,8553.20,855320.00,Placed
adc4564a-5bc4-41c9-87eb-35bd843334b8,,f0db3f80-cb85-42bb-ab54-0b92b10a7b27,2025-01-05T02:58:34.355847Z,609547a7-6591-4734-afcd-7884b815dea5,90,8965.55,806899.50,Cancelled
9dbd874a-e9a8-47bd-8972-11cfbacf6a3f,,87b0bd94-6301-44f0-b660-31fd77726c1a,2025-01-05T13:54:07.916819Z,9eca2efe-0b50-4e9c-818a-168a791e4066,14,3184.85,44587.90,Delivered
06a500d3-b2bf-4f8b-873f-3a9d4bb6bd0e,,44ba44c0-f834-45d4-8cd8-14a185466b63,2025-02-04T09:27:56.969999Z,dcffaf6e-c352-4c3e-a356-ea0ceac7f054,93,3454.17,321237.81,Shipped
bc3b701c-7e26-40cc-bc6f-ddbe17e21a2e,,bebeba31-93ca-45e4-916b-e3c41f101bae,2024-12-03T06:42:36.973671Z,861f843c-d8d7-4929-a2d1-ac17b32e916f,4,549.57,2198.28,Shipped
738b329f-c245-4839-99b3-8c095121a47f,,fed844d0-19eb-4e38-9120-a097e9c6db3d,2025-02-04T01:23:45.04883Z,f81cb962-fcb4-401e-8b2e-32d848b6ce78,23,4949.01,113827.23,Shipped
fdfdd077-cd9b-45e2-ba72-312c3bafc216,79f2fc25-4bb9-4044-9551-fe8365bc3615,,2025-02-03T13:12:56.734473Z,ff8bbcb6-3640-45df-ae4e-3f75bf8093b8,70,3286.32,230042.40,Placed
9a71c2d5-5012-4ff8-a491-612dff1f8794,fdb3295f-480f-4126-9a94-78f91e0ea9e0,,2025-01-10T21:10:20.265376Z,b7f28971-3a46-4126-aa78-cffa48a9ce07,34,4130.56,140439.04,Delivered
f820dd6d-0c57-4cf7-906e-dab00ff8609f,,bebeba31-93ca-45e4-916b-e3c41f101bae,2024-11-05T09:03:05.885544Z,f81cb962-fcb4-401e-8b2e-32d848b6ce78,1,4949.01,4949.01,Shipped
3c5321ea-9320-4c58-b04d-82d17a942c59,63a8de15-3917-4b9d-a396-fc590bd721ae,,2025-01-21T08:25:00.565123Z,609547a7-6591-4734-afcd-7884b815dea5,15,8965.55,134483.25,Delivered
a5750444-41ee-4415-82f2-c39f2a1e21a7,,0162a5a2-3a51-4995-8345-18a6d2e840f7,2024-12-01T13:51:53.81119Z,4d7a3632-ec1b-4020-9e85-890333aec045,92,4469.62,411205.04,Placed
8644bc19-79e0-4d0a-ac6e-950ecd958582,ffb50e34-9bed-4529-9d73-3d8ff5c71ccd,,2025-02-02T10:45:24.034919Z,26b6e9fb-e5e7-46fa-9b25-866f7ff2dea7,46,9844.44,452844.24,Shipped
8fb1c36a-53cf-4b40-84b7-464bf9eac822,,3593a1f9-06d0-4971-86ed-d52655346099,2025-02-15T01:24:48.455163Z,2432ec3d-c0b8-4359-9171-8d3e4ef559c2,95,5609.47,532899.65,Cancelled
8796504f-4e04-4536-8801-7c5673bb10c0,,9d390743-0d8b-4d0f-b8f1-a5d8e1d883cc,2025-02-03T10:40:07.814845Z,e8d69a62-ab7f-4589-9dd5-c5dbfe30777a,42,5666.87,238008.54,Delivered
b2804174-bc51-4ec8-ad7e-b6c1e8f8d60d,,ef088c6a-2955-4382-a0dd-fba8f50c6b12,2025-01-26T03:10:53.533817Z,f81cb962-fcb4-401e-8b2e-32d848b6ce78,39,4949.01,193011.39,Shipped
9067e834-0ac5-430d-9c7d-6e3478b7bd94,,fb5b0b46-99a3-4ee2-b9df-9bd8c572226b,2024-11-30T21:23:55.460275Z,9ac2c791-dbd5-4e58-bc89-6db53a3d16f1,47,3298.29,155019.63,Delivered
0262afe2-14b2-4cec-969b-4f1a701d9edc,f9d42859-884f-4601-b965-851cec0d9156,,2025-02-15T00:18:41.034547Z,9ac2c791-dbd5-4e58-bc89-6db53a3d16f1,77,3298.29,253968.33,Placed
89121847-87ec-4018-bb3d-63eb06c262af,52b507a5-29a7-4f66-9730-b2acb28054c1,,2024-11-09T16:05:27.405248Z,7c76d6bf-c650-4ccb-b3de-99634402528c,39,2756.71,107511.69,Placed
8a2734cf-e2aa-44fb-968d-31725577ccdf,d436552f-4c83-4aa7-a3b8-d935dd95ed15,,2024-10-31T13:29:23.834598Z,05cdd4a5-c755-4ed6-90ab-5ea9107fd5cb,72,120.38,8667.36,Cancelled
5b81335b-ad21-47ff-a7d0-082ac9eb4b8e,11fe6c9e-fd8a-4a2c-9d97-6eaf00662484,,2025-02-07T07:21:52.678643Z,81af8c71-f132-4e91-8db2-8756e78b389b,3,7699.83,23099.49,Placed
f6549f03-fae8-4156-8a3b-6820347728ab,,193cfe2d-2c95-4fc5-b254-e8bf59f5113e,2024-11-28T00:23:10.021437Z,1a34e3d1-b349-40a2-bd1d-aef8357b0a08,22,2548.36,56063.92,Placed
7bfe0b82-6779-4850-a0c0-516d22beaa3a,,a16c9e3e-acc7-408e-b255-0d5c3b86bd0b,2024-12-11T22:46:17.110475Z,b4b9ded9-ca06-45c4-814b-3b3631aa5f38,91,6856.08,623903.28,Placed
c9213013-dc80-45e8-aa1d-65d9f1f2ad32,,c4e90822-92db-43ce-85d0-de2f065d89ba,2025-02-24T08:57:50.490821Z,aff6312b-9d3c-4531-9c3a-b542894e5905,86,6833.29,587662.94,Cancelled
edb706e9-2b38-4cf5-9811-88ec68eaa358,,9d390743-0d8b-4d0f-b8f1-a5d8e1d883cc,2024-11-01T20:32:52.871684Z,dc962280-d94f-4239-b75c-ecc91fcc8acb,57,6454.77,367921.89,Placed
f21fc988-2af9-4c5d-8785-542cbb33a98f,,c4116d04-6219-4e92-8d18-b8fba25ef526,2024-12-28T06:51:29.931477Z,ff8bbcb6-3640-45df-ae4e-3f75bf8093b8,97,3286.32,318773.04,Delivered
bb1eb666-1996-443c-a0f6-a107cdac4fff,11fe6c9e-fd8a-4a2c-9d97-6eaf00662484,,2025-02-26T09:26:33.21369Z,81af8c71-f132-4e91-8db2-8756e78b389b,29,7699.83,223295.07,Placed
60219fc6-16d8-4ef5-a2cd-c2c4a6cb2a29,,ef088c6a-2955-4382-a0dd-fba8f50c6b12,2025-01-09T06:12:18.782561Z,f81cb962-fcb4-401e-8b2e-32d848b6ce78,52,4949.01,257348.52,Delivered
c500a1c4-f34c-439d-91d0-6b72ed66c4de,11fe6c9e-fd8a-4a2c-9d97-6eaf00662484,,2024-12-30T02:32:19.910457Z,aad46cb8-27b1-4d17-bd83-a17b43acdde9,56,5855.54,327910.24,Delivered
44efe26a-5c85-41a6-bf75-c827bdf45ea1,,ae377ab9-3749-4f5a-893c-35420aca318d,2025-02-09T23:31:54.263106Z,400dab25-1a83-4944-bfb3-a182219bfbac,54,7405.29,399885.66,Delivered
997bc0d0-2f55-4edd-a753-aeabd2f7f50f,cc0f0c4e-34b5-466e-8b02-f379fea845a7,,2025-01-21T22:45:07.777488Z,7c76d6bf-c650-4ccb-b3de-99634402528c,48,2756.71,132322.08,Delivered
a041749b-ffc9-487d-87d1-239002cc5cb6,,08cc12ea-162a-4674-b244-005e904177db,2024-12-23T01:13:02.701766Z,e8d69a62-ab7f-4589-9dd5-c5dbfe30777a,72,5666.87,408014.64,Delivered
b9c50e40-eb40-43b9-9bea-0125b5dfd9c4,af163a3f-7e3a-48a8-bca1-54be94de0a9b,,2025-01-12T01:14:34.334804Z,7b85b3be-ec90-44e8-a2c2-0b6bc35ebe46,11,6018.63,66204.93,Shipped
f963ec98-1cd2-4d6a-b9a6-ce52030d7793,cc0f0c4e-34b5-466e-8b02-f379fea845a7,,2024-12-04T19:47:30.130037Z,e8d69a62-ab7f-4589-9dd5-c5dbfe30777a,92,5666.87,521352.04,Placed
50428249-1c35-437c-89c3-c19aba689e3f,ffb50e34-9bed-4529-9d73-3d8ff5c71ccd,,2024-12-27T16:48:13.722343Z,26b6e9fb-e5e7-46fa-9b25-866f7ff2dea7,47,9844.44,462688.68,Cancelled
c0ce04d3-fb03-4e71-98aa-c0725dd906b1,f0bd7576-e2a8-4940-8bbf-4ce9aaa60604,,2025-02-04T23:11:13.789657Z,7c76d6bf-c650-4ccb-b3de-99634402528c,20,2756.71,55134.20,Delivered
d0a2a7c6-0071-4392-80c6-bbadfec38bae,13e64832-ece8-4c12-8264-be74dcd3ef5c,,2024-12-15T04:14:31.990868Z,f984b229-bfda-4e33-a231-7cb7656c62f6,24,3385.51,81252.24,Cancelled
0a50d43c-53d7-48b3-a31f-56859cd90056,,6c8f7a85-3b46-47c0-8239-e6df37ce7232,2025-01-14T22:01:32.579365Z,b7f28971-3a46-4126-aa78-cffa48a9ce07,82,4130.56,338705.92,Placed
4800cfd7-757c-4dc1-bc54-df69b929689b,,c53e738a-fd7f-46c7-87b8-730fa058c566,2024-12-31T13:36:09.942189Z,6c3c7c4b-d1f5-4af0-b62f-cac915bd43da,3,9303.67,27911.01,Cancelled
800c0885-dd52-4205-bb42-f334697f44aa,,0189398d-93eb-49c0-ac71-a43c4f5d2dc1,2024-12-20T20:55:07.108623Z,6c3c7c4b-d1f5-4af0-b62f-cac915bd43da,5,9303.67,46518.35,Delivered
6e083438-2e70-41c6-ad38-a40a74c9d461,ffb50e34-9bed-4529-9d73-3d8ff5c71ccd,,2024-12-10T11:47:04.13072Z,7c76d6bf-c650-4ccb-b3de-99634402528c,47,2756.71,129565.37,Delivered
394d2bcc-24cd-490e-9306-358ff7f9bb9a,,08cc12ea-162a-4674-b244-005e904177db,2025-01-29T22:37:48.478393Z,80834040-c6e4-4564-83d2-d44f371e0d4f,92,7280.36,669793.12,Cancelled
ff9bd191-19a2-450e-915c-e6facd69dbbb,af163a3f-7e3a-48a8-bca1-54be94de0a9b,,2025-01-11T23:15:07.479488Z,f81cb962-fcb4-401e-8b2e-32d848b6ce78,20,4949.01,98980.20,Placed
b63aa150-102d-422e-8c29-ebef7c4b84f2,a1710657-3eae-4863-a2be-536cd109f139,,2024-12-30T15:20:31.158632Z,56399415-2ab3-4ef8-9f19-a48990c0b1ed,25,3227.44,80686.00,Delivered
0cef85ac-29cf-4a7b-8746-8339b1e4be45,a786e3f0-eb2b-4e5c-a2e2-ac266787a8a5,,2024-11-26T00:25:13.580383Z,2432ec3d-c0b8-4359-9171-8d3e4ef559c2,22,5609.47,123408.34,Placed
24f56577-5263-462a-b604-2e57a5b32fcf,,ef088c6a-2955-4382-a0dd-fba8f50c6b12,2024-11-30T00:37:49.955724Z,4c41253a-559a-4cb3-957d-6a064c9d1262,29,1749.63,50739.27,Placed
4ca8a31e-fc2a-4a45-9d0f-5e4f8e837936,28635edf-c8eb-46ea-bdb7-f1a8657fe5f7,,2025-01-09T05:06:56.949564Z,e56703a8-286e-4bc6-b78f-7d448b6f6817,87,8015.50,697348.50,Cancelled
e007833b-2046-4e75-8663-11c9fcd805a2,0cc76642-95d3-45de-8eae-70dfd32faaa8,,2025-01-08T21:17:55.446937Z,861f843c-d8d7-4929-a2d1-ac17b32e916f,2,549.57,1099.14,Shipped
31b7bf86-e6dc-4802-bd18-ac407e53e9d3,,b2780ebb-c064-4726-aab5-86c2ff115248,2025-02-13T02:09:22.790066Z,cf540f2c-9bef-4afb-9c54-ff8c91eb2695,83,4381.38,363654.54,Cancelled
3609d710-ef83-4bd4-a3f2-79a2977e1388,,0189398d-93eb-49c0-ac71-a43c4f5d2dc1,2024-12-30T03:36:23.778564Z,560d4610-ee44-4220-9c5f-329194dd5e16,43,5198.03,223515.29,Cancelled
68b4dad4-a07d-4b16-b026-6d732fc877cb,,52b1fe8d-4d88-4274-8508-69ae24fbe422,2025-02-07T06:44:13.66257Z,b4b9ded9-ca06-45c4-814b-3b3631aa5f38,26,6856.08,178258.08,Delivered
5acb8fa2-cdb5-4951-a15b-9f8b7a0b276a,,0162a5a2-3a51-4995-8345-18a6d2e840f7,2025-01-16T23:17:56.482988Z,e8d69a62-ab7f-4589-9dd5-c5dbfe30777a,100,5666.87,566687.00,Delivered
352c7821-5d2f-4950-af08-38d80ff0b65e,,b2780ebb-c064-4726-aab5-86c2ff115248,2024-11-21T07:51:17.134015Z,9ac2c791-dbd5-4e58-bc89-6db53a3d16f1,88,3298.29,290249.52,Shipped
d8286f28-d2b7-4074-bc64-771ba8aca58f,a786e3f0-eb2b-4e5c-a2e2-ac266787a8a5,,2025-01-22T05:51:10.529607Z,46652bcd-0379-44ba-8fcc-792d2f2feaa4,60,4216.21,252972.60,Cancelled
6db70077-7423-4b2f-80c4-34b6acae495c,13e64832-ece8-4c12-8264-be74dcd3ef5c,,2025-01-13T14:04:59.135375Z,56399415-2ab3-4ef8-9f19-a48990c0b1ed,69,3227.44,222693.36,Placed
f0c92002-51df-4ec7-b170-f4844bde0bce,0cc76642-95d3-45de-8eae-70dfd32faaa8,,2025-01-24T21:07:24.186086Z,0d9bdd60-139e-4189-969b-d07efbbc06e6,12,204.96,2459.52,Placed
c48ff25b-9c34-4140-a172-693243cb9b75,0f44dfef-30da-4d85-9dab-27e096b0474b,,2024-11-06T01:44:41.272618Z,9ac2c791-dbd5-4e58-bc89-6db53a3d16f1,58,3298.29,191300.82,Shipped
83f3d03c-ca8a-4ec6-a282-b8f71f09fde9,,486e542d-3aff-4b31-a55d-19ac14f3e36d,2024-11-09T14:26:36.503748Z,1baf6986-6381-4e38-8aa5-e2083f7581c3,69,612.91,42290.79,Delivered
d411dd06-07c2-4d8a-9bdb-9eb26ea2ae12,,2726384c-a855-4378-bed2-2dad77d0d6c5,2025-01-13T10:22:01.864536Z,05cdd4a5-c755-4ed6-90ab-5ea9107fd5cb,9,120.38,1083.42,Placed
ed84a5a4-0837-49dc-8e4b-94c61f4e1575,,c53e738a-fd7f-46c7-87b8-730fa058c566,2024-11-03T02:41:41.817927Z,c0363488-7bc8-4d4d-ade0-8ce4a47561df,48,3209.02,154032.96,Shipped
25557bc2-7490-46da-8fde-77cff250afd5,deeb5f0e-7d78-40ea-a4ac-187b585b794d,,2025-02-05T23:20:28.164879Z,4d7a3632-ec1b-4020-9e85-890333aec045,32,4469.62,143027.84,Cancelled
7fa0f05d-e440-409b-b65d-760ff45504ea,0f44dfef-30da-4d85-9dab-27e096b0474b,,2024-12-26T00:47:16.509292Z,46652bcd-0379-44ba-8fcc-792d2f2feaa4,93,4216.21,392107.53,Placed
871cdbf7-6afb-4095-a751-624d63cc95e7,a1710657-3eae-4863-a2be-536cd109f139,,2025-02-20T19:38:00.721923Z,88a162eb-cea8-466c-a004-61300ae0a332,39,7853.29,306278.31,Shipped
3f149e0c-12e8-49d0-8ebf-6b0cdb49295c,,193cfe2d-2c95-4fc5-b254-e8bf59f5113e,2025-01-02T02:43:29.099239Z,a8c759fa-637a-4c7f-85f0-2a669efa8ca8,89,5792.72,515552.08,Shipped
daeb75c7-12f6-4cda-8e23-efc6e6e356f8,,2726384c-a855-4378-bed2-2dad77d0d6c5,2024-12-12T11:35:56.082136Z,9ba4810a-12af-4b73-ab79-0eb71f5ac9e4,9,3910.30,35192.70,Shipped
40424870-cc40-4221-809b-6b7ab1152242,,6c8f7a85-3b46-47c0-8239-e6df37ce7232,2024-11-29T10:18:33.796738Z,ff8bbcb6-3640-45df-ae4e-3f75bf8093b8,8,3286.32,26290.56,Delivered
bfea9c1d-ae7d-4558-84de-658685b85cd8,,87b0bd94-6301-44f0-b660-31fd77726c1a,2024-12-08T03:29:41.692456Z,80834040-c6e4-4564-83d2-d44f371e0d4f,98,7280.36,713475.28,Delivered
284d0668-671a-4a78-9057-5f78ca735bac,,b62dec3d-5554-4888-b984-61f6ed2a4727,2025-02-07T18:28:55.664321Z,b7f28971-3a46-4126-aa78-cffa48a9ce07,82,4130.56,338705.92,Placed
19ef0b6d-7956-485b-b68a-bc5b6bc66250,,a16c9e3e-acc7-408e-b255-0d5c3b86bd0b,2024-12-13T15:24:55.808144Z,b4b9ded9-ca06-45c4-814b-3b3631aa5f38,93,6856.08,637615.44,Shipped
5e408e90-d90b-4aa5-bebd-4e2af083b0dd,2115bcb0-f17d-4f99-af19-8436773c1092,,2025-01-22T00:12:41.03483Z,4d7a3632-ec1b-4020-9e85-890333aec045,5,4469.62,22348.10,Delivered
e06a3f25-78a0-4854-8668-2072b40232b4,a072f399-9e94-4736-9d5e-db4f734e21f4,,2024-11-05T18:56:53.271113Z,9ba4810a-12af-4b73-ab79-0eb71f5ac9e4,42,3910.30,164232.60,Delivered
43a321d4-c2c0-4ff8-b87d-23ff56321d74,ed8ce8a5-3bfc-4f75-ab62-0ad71ba936be,,2025-02-16T18:08:20.375218Z,aad46cb8-27b1-4d17-bd83-a17b43acdde9,70,5855.54,409887.80,Cancelled
1378fd8a-4e5a-48e3-8e63-592e0abdd354,9e1b88dd-c945-4406-9491-3d209474058f,,2024-11-16T03:24:27.723278Z,2432ec3d-c0b8-4359-9171-8d3e4ef559c2,36,5609.47,201940.92,Delivered
ee8d34ae-1d40-4f67-96be-c51ac0ba8fa5,,6c8f7a85-3b46-47c0-8239-e6df37ce7232,2025-01-12T19:20:28.586825Z,0d9bdd60-139e-4189-969b-d07efbbc06e6,88,204.96,18036.48,Shipped
2a1bc385-7043-4cd5-991c-dd90deed6335,,9d390743-0d8b-4d0f-b8f1-a5d8e1d883cc,2024-12-23T01:21:54.805676Z,7c76d6bf-c650-4ccb-b3de-99634402528c,71,2756.71,195726.41,Delivered
91ef65d1-218e-484e-9dff-604d2a69e899,deeb5f0e-7d78-40ea-a4ac-187b585b794d,,2025-02-17T18:03:40.638659Z,e8d69a62-ab7f-4589-9dd5-c5dbfe30777a,96,5666.87,544019.52,Shipped
74e814c3-8c50-44ad-839d-32e131e897c0,,d43b3fa9-daaf-48c7-8c05-751e4478d9b2,2025-02-18T06:18:56.059627Z,0d9bdd60-139e-4189-969b-d07efbbc06e6,13,204.96,2664.48,Cancelled
203df8ad-cd9d-4539-aba6-9f97b18f64ac,d3bafc1c-8b67-4deb-927c-d16c64677ed2,,2024-11-19T05:59:18.312622Z,88a162eb-cea8-466c-a004-61300ae0a332,16,7853.29,125652.64,Shipped
5f9beea9-f6e0-4664-ba71-173f29499dbc,,fed844d0-19eb-4e38-9120-a097e9c6db3d,2025-02-09T13:54:54.053855Z,ff8bbcb6-3640-45df-ae4e-3f75bf8093b8,50,3286.32,164316.00,Delivered
b2829e86-ff62-4251-82ba-522a070d46ba,,2726384c-a855-4378-bed2-2dad77d0d6c5,2024-12-18T05:02:58.848036Z,56399415-2ab3-4ef8-9f19-a48990c0b1ed,97,3227.44,313061.68,Delivered
3f2afb8a-b499-46ba-8f88-b6e7fc6b23da,,cd08ffe3-99f4-45b4-b6ef-bde3c183f54a,2024-12-17T15:33:17.12441Z,f984b229-bfda-4e33-a231-7cb7656c62f6,95,3385.51,321623.45,Cancelled
977dbeec-eb75-4ef5-b43a-d839fbf72b16,,b62dec3d-5554-4888-b984-61f6ed2a4727,2024-11-15T06:33:25.119512Z,861f843c-d8d7-4929-a2d1-ac17b32e916f,98,549.57,53857.86,Delivered
fd627e77-f514-49b5-b842-6ce79dfa054a,,52b1fe8d-4d88-4274-8508-69ae24fbe422,2024-12-03T18:45:52.923211Z,d0bae53e-a97c-49d5-aad1-1f2d9c96589f,48,8553.20,410553.60,Shipped
081a6627-5344-4565-bc56-74fa2dcd9962,,44ba44c0-f834-45d4-8cd8-14a185466b63,2025-02-13T16:49:34.348242Z,1a34e3d1-b349-40a2-bd1d-aef8357b0a08,93,2548.36,236997.48,Delivered
fee22f94-7a15-4ed3-9f6e-bc4d41e84728,,f0db3f80-cb85-42bb-ab54-0b92b10a7b27,2025-02-14T19:48:37.886447Z,7b85b3be-ec90-44e8-a2c2-0b6bc35ebe46,61,6018.63,367136.43,Placed
c275bb68-e090-4514-9649-2eb7d5648562,11fe6c9e-fd8a-4a2c-9d97-6eaf00662484,,2024-11-16T16:01:37.05936Z,cf540f2c-9bef-4afb-9c54-ff8c91eb2695,25,4381.38,109534.50,Cancelled
66ac327d-30ba-43f6-bae2-cdbf8fbbc518,,0189398d-93eb-49c0-ac71-a43c4f5d2dc1,2024-11-16T11:30:50.973621Z,afb4fba0-2192-4910-aee7-88a34a295470,76,3196.85,242960.60,Shipped
e4c7aa38-8024-4f85-906c-5e1036090c4a,0cc76642-95d3-45de-8eae-70dfd32faaa8,,2024-12-04T18:40:08.57591Z,4c41253a-559a-4cb3-957d-6a064c9d1262,74,1749.63,129472.62,Delivered
185d11bd-8321-47cc-b2e3-dd49dd56122d,e678df69-5da3-4eea-b1a8-e6fbc1deba53,,2025-01-23T20:34:42.789378Z,88a162eb-cea8-466c-a004-61300ae0a332,71,7853.29,557583.59,Delivered
caed415d-d147-4120-a87e-e8eabb102a80,,52b1fe8d-4d88-4274-8508-69ae24fbe422,2024-12-12T22:31:57.23446Z,7c76d6bf-c650-4ccb-b3de-99634402528c,11,2756.71,30323.81,Placed
4f5fe79c-fb0f-4414-b781-3b3d9595dc78,fdb3295f-480f-4126-9a94-78f91e0ea9e0,,2024-12-27T17:18:11.720333Z,b7f28971-3a46-4126-aa78-cffa48a9ce07,3,4130.56,12391.68,Delivered
0de48cba-354c-44ac-a212-7e955a389d2d,f9d42859-884f-4601-b965-851cec0d9156,,2024-12-21T03:16:30.368498Z,cf540f2c-9bef-4afb-9c54-ff8c91eb2695,89,4381.38,389942.82,Placed
ce05b6cd-bfc2-425c-a731-eef6f4e7296c,,ef088c6a-2955-4382-a0dd-fba8f50c6b12,2025-02-19T19:10:44.836357Z,1baf6986-6381-4e38-8aa5-e2083f7581c3,29,612.91,17774.39,Cancelled
1b6c1b46-a50d-4b1c-95c3-0e2b80d6122f,,ef088c6a-2955-4382-a0dd-fba8f50c6b12,2024-11-30T23:51:46.486469Z,1baf6986-6381-4e38-8aa5-e2083f7581c3,1,612.91,612.91,Shipped
ff147616-5af1-4745-a55b-9d3a7df33579,,9d390743-0d8b-4d0f-b8f1-a5d8e1d883cc,2025-01-02T13:41:17.113547Z,26b6e9fb-e5e7-46fa-9b25-866f7ff2dea7,94,9844.44,925377.36,Placed
496203b1-ccb4-49a1-8d39-cc7f6f8e039f,d3bafc1c-8b67-4deb-927c-d16c64677ed2,,2024-12-08T07:14:58.088111Z,dcffaf6e-c352-4c3e-a356-ea0ceac7f054,67,3454.17,231429.39,Delivered
fcaf0921-f5bf-41e6-a2ce-d1e0483a471e,,f0db3f80-cb85-42bb-ab54-0b92b10a7b27,2024-11-29T05:36:46.479339Z,0d9bdd60-139e-4189-969b-d07efbbc06e6,29,204.96,5943.84,Delivered
b758b574-ba1b-4313-82dd-711f4b9178a9,81204b73-d449-40c4-96e5-2bd501fd44c4,,2025-02-20T13:36:22.968771Z,dcffaf6e-c352-4c3e-a356-ea0ceac7f054,36,3454.17,124350.12,Placed
568e0921-41d5-4d1f-82c1-bc6482532c80,,b62dec3d-5554-4888-b984-61f6ed2a4727,2025-01-12T06:49:15.933222Z,7b85b3be-ec90-44e8-a2c2-0b6bc35ebe46,45,6018.63,270838.35,Delivered
39e40e88-e919-4483-b9d6-3eaea3d1fad7,,6c8f7a85-3b46-47c0-8239-e6df37ce7232,2024-12-06T07:15:26.852913Z,ff8bbcb6-3640-45df-ae4e-3f75bf8093b8,8,3286.32,26290.56,Delivered
ece184d3-5c63-4633-9d9f-942524d9e1d0,,bebeba31-93ca-45e4-916b-e3c41f101bae,2025-01-27T20:51:18.713948Z,1baf6986-6381-4e38-8aa5-e2083f7581c3,55,612.91,33710.05,Shipped
77fc064b-b3f7-404d-87de-af65622db57b,,a16c9e3e-acc7-408e-b255-0d5c3b86bd0b,2025-02-19T14:08:20.331767Z,dc962280-d94f-4239-b75c-ecc91fcc8acb,30,6454.77,193643.10,Delivered
2deda83c-1570-4d7b-921f-c77312f2dceb,,193cfe2d-2c95-4fc5-b254-e8bf59f5113e,2025-01-07T04:20:55.963065Z,1a34e3d1-b349-40a2-bd1d-aef8357b0a08,49,2548.36,124869.64,Delivered
6603c8ff-9421-41d9-9fba-57dc5216c246,52b507a5-29a7-4f66-9730-b2acb28054c1,,2024-12-19T19:35:33.891442Z,dc962280-d94f-4239-b75c-ecc91fcc8acb,82,6454.77,529291.14,Cancelled
e822082e-0469-44b1-a60a-9f0af084e811,f5969e89-2771-4828-89bd-8a7fc56929e2,,2025-01-18T12:18:10.803394Z,88a162eb-cea8-466c-a004-61300ae0a332,71,7853.29,557583.59,Cancelled
ede85756-ff13-4a14-9e55-407f73fecc0f,,2726384c-a855-4378-bed2-2dad77d0d6c5,2025-01-01T05:17:20.745526Z,400dab25-1a83-4944-bfb3-a182219bfbac,7,7405.29,51837.03,Shipped
3cb96909-8f8e-4529-8c2e-6e263f167cb3,deeb5f0e-7d78-40ea-a4ac-187b585b794d,,2025-01-17T21:25:14.306933Z,7c76d6bf-c650-4ccb-b3de-99634402528c,99,2756.71,272914.29,Cancelled
907661d7-1b1e-4625-b46a-0bd82336b107,,2726384c-a855-4378-bed2-2dad77d0d6c5,2024-11-10T20:10:28.044519Z,a8c759fa-637a-4c7f-85f0-2a669efa8ca8,59,5792.72,341770.48,Cancelled
9e634bec-24c1-453a-ad72-4bed1e8fc8ca,,52b1fe8d-4d88-4274-8508-69ae24fbe422,2024-12-24T08:16:38.016531Z,dc962280-d94f-4239-b75c-ecc91fcc8acb,93,6454.77,600293.61,Placed
ce9a0767-b868-4674-a3bd-22ffd4430b40,,c4116d04-6219-4e92-8d18-b8fba25ef526,2025-01-18T11:32:09.322118Z,b7f28971-3a46-4126-aa78-cffa48a9ce07,53,4130.56,218919.68,Placed
d0082b6f-9fc9-4eb8-b240-d60991a069ce,9e1b88dd-c945-4406-9491-3d209474058f,,2024-11-28T05:05:30.674635Z,59f20b6f-7082-4559-bc49-f2727c05a9a5,40,9075.44,363017.60,Cancelled
58568c07-5401-46d7-87df-c72aea15d0f1,cc0f0c4e-34b5-466e-8b02-f379fea845a7,,2025-01-06T19:06:17.675231Z,26b6e9fb-e5e7-46fa-9b25-866f7ff2dea7,49,9844.44,482377.56,Shipped
e02cf393-4582-40eb-88c9-9b6b5be8ddac,ffb50e34-9bed-4529-9d73-3d8ff5c71ccd,,2024-12-26T16:11:26.750651Z,80834040-c6e4-4564-83d2-d44f371e0d4f,57,7280.36,414980.52,Shipped
383e945b-617e-4efd-b654-c971d67f0dcc,fdb3295f-480f-4126-9a94-78f91e0ea9e0,,2025-02-28T07:45:33.434439Z,4c41253a-559a-4cb3-957d-6a064c9d1262,26,1749.63,45490.38,Shipped
3a69d946-a3c2-4ddb-8f11-aad18e626651,d3bafc1c-8b67-4deb-927c-d16c64677ed2,,2024-12-23T02:06:00.79578Z,9ba4810a-12af-4b73-ab79-0eb71f5ac9e4,26,3910.30,101667.80,Placed
d4af7dfa-afc9-4af6-939c-c30d40dd3716,63a8de15-3917-4b9d-a396-fc590bd721ae,,2024-12-29T02:29:01.511295Z,7b85b3be-ec90-44e8-a2c2-0b6bc35ebe46,25,6018.63,150465.75,Shipped
9b0aad91-afa0-47a2-9cb0-24429697536f,,b62dec3d-5554-4888-b984-61f6ed2a4727,2024-11-15T14:37:55.428689Z,609547a7-6591-4734-afcd-7884b815dea5,73,8965.55,654485.15,Placed
7066feb2-f6bd-420e-887c-b59d9732a742,f0bd7576-e2a8-4940-8bbf-4ce9aaa60604,,2025-01-25T02:02:03.31332Z,dc962280-d94f-4239-b75c-ecc91fcc8acb,12,6454.77,77457.24,Cancelled
60b67e04-981a-490f-b37d-25e15dd69a06,,2726384c-a855-4378-bed2-2dad77d0d6c5,2024-11-04T11:59:58.893534Z,56399415-2ab3-4ef8-9f19-a48990c0b1ed,63,3227.44,203328.72,Cancelled
c2823719-3c5b-4189-a6e2-91f5dbc5ce9d,0f44dfef-30da-4d85-9dab-27e096b0474b,,2025-02-04T09:03:55.908451Z,c8e01e32-512c-455c-ad14-e8a2049628d4,41,6578.66,269725.06,Shipped
0c610536-67dc-493b-af97-dc7ea30594da,,2726384c-a855-4378-bed2-2dad77d0d6c5,2024-12-02T13:21:02.779224Z,a8c759fa-637a-4c7f-85f0-2a669efa8ca8,78,5792.72,451832.16,Placed
01c42f88-4dce-49c0-8e10-8bb56dd874c2,,52b1fe8d-4d88-4274-8508-69ae24fbe422,2025-02-20T17:33:02.40848Z,9eca2efe-0b50-4e9c-818a-168a791e4066,92,3184.85,293006.20,Placed
e40dd4b3-8cfc-4986-866f-79fbbdcc4068,,f0db3f80-cb85-42bb-ab54-0b92b10a7b27,2024-11-20T08:15:55.381746Z,f81cb962-fcb4-401e-8b2e-32d848b6ce78,47,4949.01,232603.47,Delivered
ba86c936-bced-41f5-857f-c0a208b68fce,2ab2299f-5616-4544-a790-69c36ec29c5f,,2025-02-24T16:38:15.265071Z,4c41253a-559a-4cb3-957d-6a064c9d1262,24,1749.63,41991.12,Cancelled
8f155ff8-a5d5-43b6-9520-d3de0de487ae,ffb50e34-9bed-4529-9d73-3d8ff5c71ccd,,2025-01-12T22:37:03.612923Z,dc962280-d94f-4239-b75c-ecc91fcc8acb,46,6454.77,296919.42,Shipped
1454f33c-2612-4445-832f-11dd7bf9505e,,b2780ebb-c064-4726-aab5-86c2ff115248,2024-11-03T16:42:17.372101Z,59f20b6f-7082-4559-bc49-f2727c05a9a5,12,9075.44,108905.28,Shipped
51d052bc-60d1-4995-9ed0-3159a4d3736f,e4537695-b6e8-4169-a76c-0dff7a043bb6,,2025-01-01T21:58:02.881534Z,f81cb962-fcb4-401e-8b2e-32d848b6ce78,40,4949.01,197960.40,Delivered
f152c746-497d-44fb-b860-ae5dd35c13ce,,ef088c6a-2955-4382-a0dd-fba8f50c6b12,2024-12-18T09:08:06.970361Z,f81cb962-fcb4-401e-8b2e-32d848b6ce78,34,4949.01,168266.34,Placed
573bf2d2-9746-4f1f-b283-4de318a95366,31c1065b-9160-49a0-a158-b4a571b564c0,,2024-12-19T11:43:21.239305Z,1a34e3d1-b349-40a2-bd1d-aef8357b0a08,27,2548.36,68805.72,Shipped
f0d78d0f-676e-4f55-9686-bae99defc169,,87b0bd94-6301-44f0-b660-31fd77726c1a,2025-02-26T16:49:10.306996Z,80834040-c6e4-4564-83d2-d44f371e0d4f,9,7280.36,65523.24,Shipped
1f4afcc7-ff9c-4d16-8f36-b06588355751,a072f399-9e94-4736-9d5e-db4f734e21f4,,2025-02-23T11:05:31.684929Z,05cdd4a5-c755-4ed6-90ab-5ea9107fd5cb,5,120.38,601.90,Shipped
ab4a9b5c-4525-4cd6-9856-2814c64b9eb7,,0162a5a2-3a51-4995-8345-18a6d2e840f7,2025-01-31T09:58:31.522966Z,b4b9ded9-ca06-45c4-814b-3b3631aa5f38,9,6856.08,61704.72,Shipped
55b2c166-24f3-4b78-9cc9-0d2759cabcdc,2115bcb0-f17d-4f99-af19-8436773c1092,,2024-12-01T03:08:24.199035Z,b4b9ded9-ca06-45c4-814b-3b3631aa5f38,78,6856.08,534774.24,Placed
c1810aa0-8f7b-478a-a788-08ed04d345c2,52b507a5-29a7-4f66-9730-b2acb28054c1,,2024-11-18T14:50:12.509028Z,7c76d6bf-c650-4ccb-b3de-99634402528c,96,2756.71,264644.16,Placed
7b90711b-a16e-45ca-8f9a-d30105c98c6b,,9682d61c-33e8-44b8-9049-941b6600d990,2024-11-02T17:46:00.019313Z,f984b229-bfda-4e33-a231-7cb7656c62f6,8,3385.51,27084.08,Shipped
0c7ef796-684a-4347-b8a4-43eb7b4b53a2,,b62dec3d-5554-4888-b984-61f6ed2a4727,2025-01-10T00:04:59.279548Z,b7f28971-3a46-4126-aa78-cffa48a9ce07,19,4130.56,78480.64,Shipped
e523d957-80ef-4f4c-a992-19426f7fb893,,87b0bd94-6301-44f0-b660-31fd77726c1a,2024-12-16T06:50:21.118523Z,e8d69a62-ab7f-4589-9dd5-c5dbfe30777a,61,5666.87,345679.07,Shipped
c4907a16-2937-4cf7-b3fa-84dc42b66031,2ab2299f-5616-4544-a790-69c36ec29c5f,,2024-10-31T20:15:36.656091Z,609547a7-6591-4734-afcd-7884b815dea5,69,8965.55,618622.95,Placed
fb8f18ce-128b-4c1c-80c5-e60d29c445f4,,c4e90822-92db-43ce-85d0-de2f065d89ba,2024-11-07T22:47:23.721899Z,3f8265a5-c27a-4f4e-a88f-d4fca449b0b6,70,5407.59,378531.30,Placed
12390049-774e-43de-a2fc-5a045dabffdd,2e0632bd-73d3-4e0a-8df8-e5870e363172,,2024-11-13T09:21:52.937526Z,e56703a8-286e-4bc6-b78f-7d448b6f6817,63,8015.50,504976.50,Placed
7f5fa059-73f4-4641-9fff-3bb4c6d101ab,cc0f0c4e-34b5-466e-8b02-f379fea845a7,,2024-12-07T21:01:53.214495Z,4d7a3632-ec1b-4020-9e85-890333aec045,51,4469.62,227950.62,Delivered
80be8453-8cd3-4c7f-9b76-c977c623e924,,b2780ebb-c064-4726-aab5-86c2ff115248,2024-11-05T05:22:42.504955Z,aad46cb8-27b1-4d17-bd83-a17b43acdde9,23,5855.54,134677.42,Shipped
03936475-bf48-496e-ac26-664be4b5ed70,,fb5b0b46-99a3-4ee2-b9df-9bd8c572226b,2024-12-20T05:24:07.393991Z,59f20b6f-7082-4559-bc49-f2727c05a9a5,40,9075.44,363017.60,Delivered
3eb31822-4948-4aac-8fb5-d3bf29639c31,31c1065b-9160-49a0-a158-b4a571b564c0,,2024-12-25T01:02:35.805406Z,f984b229-bfda-4e33-a231-7cb7656c62f6,28,3385.51,94794.28,Placed
a5a10279-0f5a-42ab-88ae-aa7abda03578,,9617a09e-4917-4bce-8144-104cbf058b4f,2024-12-29T05:08:14.231473Z,6e1deaf4-5da0-4af0-9c94-0502a69807ff,93,499.00,46407.00,Delivered
d24baedd-24af-4b0d-8889-b861c9e76142,,9682d61c-33e8-44b8-9049-941b6600d990,2024-12-23T17:06:28.187463Z,919315c0-eca1-418e-9e40-ff26b67288d8,53,4998.15,264901.95,Shipped
bbf99967-e3a5-4d24-8e53-cd1da8e2f58d,,08cc12ea-162a-4674-b244-005e904177db,2025-01-30T20:16:48.4117Z,26b6e9fb-e5e7-46fa-9b25-866f7ff2dea7,51,9844.44,502066.44,Delivered
382e53a5-b59c-4c1c-a853-55778a72283b,,d43b3fa9-daaf-48c7-8c05-751e4478d9b2,2025-01-05T05:16:42.315167Z,b7f28971-3a46-4126-aa78-cffa48a9ce07,18,4130.56,74350.08,Cancelled
ea9efb48-6f22-4b9a-bc7f-07921b450fa6,,87b0bd94-6301-44f0-b660-31fd77726c1a,2025-02-06T08:45:36.759487Z,4d7a3632-ec1b-4020-9e85-890333aec045,2,4469.62,8939.24,Delivered
0ca39f5e-b771-4892-9f20-177f7bb38ef8,,3593a1f9-06d0-4971-86ed-d52655346099,2024-11-17T19:49:42.524382Z,560d4610-ee44-4220-9c5f-329194dd5e16,85,5198.03,441832.55,Shipped
f81e98bc-08bf-40ba-a52f-18f8715e2ed1,f0bd7576-e2a8-4940-8bbf-4ce9aaa60604,,2024-12-29T23:24:15.357858Z,9eca2efe-0b50-4e9c-818a-168a791e4066,48,3184.85,152872.80,Delivered
54fe2f8f-2f94-48ae-bd6c-76c58bf83831,,c4116d04-6219-4e92-8d18-b8fba25ef526,2025-02-09T20:39:29.425309Z,b7f28971-3a46-4126-aa78-cffa48a9ce07,89,4130.56,367619.84,Cancelled
61538c12-2d83-4434-bec4-ab0220262843,f1ad867c-c99c-4f3b-baf3-ad7a7493a5e0,,2025-01-17T11:50:42.330703Z,e56703a8-286e-4bc6-b78f-7d448b6f6817,62,8015.50,496961.00,Delivered
f793b226-7dae-477f-8cc4-20bc8d4c44ce,a786e3f0-eb2b-4e5c-a2e2-ac266787a8a5,,2024-12-03T16:09:04.409821Z,46652bcd-0379-44ba-8fcc-792d2f2feaa4,22,4216.21,92756.62,Placed
6f3538a2-e37a-4b56-894c-a0e43d5a3e01,d3f848f5-6402-4ee3-be72-ed086a049a8b,,2024-11-26T07:49:16.437495Z,9eca2efe-0b50-4e9c-818a-168a791e4066,2,3184.85,6369.70,Shipped
efb5b60f-19ec-4d41-8cef-f15a5141e64c,,193cfe2d-2c95-4fc5-b254-e8bf59f5113e,2024-11-05T07:29:49.773066Z,1a34e3d1-b349-40a2-bd1d-aef8357b0a08,85,2548.36,216610.60,Delivered
29e667ea-59ec-48ef-94e5-7b1b605c3342,,b2780ebb-c064-4726-aab5-86c2ff115248,2025-02-24T04:49:38.631779Z,560d4610-ee44-4220-9c5f-329194dd5e16,96,5198.03,499010.88,Placed
bb8fb6f2-5432-4d96-aebf-1e0e8d0d6a0b,52b507a5-29a7-4f66-9730-b2acb28054c1,,2025-01-31T18:16:27.918071Z,b4b9ded9-ca06-45c4-814b-3b3631aa5f38,94,6856.08,644471.52,Shipped
f5614b5e-2163-41d6-9ece-0adceb06928e,,9617a09e-4917-4bce-8144-104cbf058b4f,2024-11-30T10:37:50.791885Z,56399415-2ab3-4ef8-9f19-a48990c0b1ed,96,3227.44,309834.24,Shipped
23e9d01c-7618-400f-b574-110bbc14dbf0,fdb3295f-480f-4126-9a94-78f91e0ea9e0,,2025-01-02T17:43:18.766093Z,7b85b3be-ec90-44e8-a2c2-0b6bc35ebe46,69,6018.63,415285.47,Placed
c4d99341-052f-440b-ad0f-80c95485e289,,fb5b0b46-99a3-4ee2-b9df-9bd8c572226b,2025-02-21T03:00:30.428818Z,c8e01e32-512c-455c-ad14-e8a2049628d4,1,6578.66,6578.66,Cancelled
d67673a6-7d86-4852-82fc-b4a7899e30a0,a5630c70-6fe3-4b7f-836d-aecbee70b4cf,,2025-02-27T05:26:34.800499Z,88a162eb-cea8-466c-a004-61300ae0a332,60,7853.29,471197.40,Placed
fb8b6f53-8f1f-4fb2-b115-35912c50811c,a1710657-3eae-4863-a2be-536cd109f139,,2024-11-03T15:56:09.307443Z,05cdd4a5-c755-4ed6-90ab-5ea9107fd5cb,41,120.38,4935.58,Placed
75d7f0bc-b38c-4056-ae16-2fd406d9e778,2e0632bd-73d3-4e0a-8df8-e5870e363172,,2024-11-20T15:11:32.083224Z,6c3c7c4b-d1f5-4af0-b62f-cac915bd43da,70,9303.67,651256.90,Cancelled
9ba3a28d-78cb-4cd4-9608-f59228ca6e1f,,3593a1f9-06d0-4971-86ed-d52655346099,2024-12-10T14:27:38.094573Z,560d4610-ee44-4220-9c5f-329194dd5e16,9,5198.03,46782.27,Cancelled
55132e2d-6ec2-4dab-8526-593011bb47d7,f1ad867c-c99c-4f3b-baf3-ad7a7493a5e0,,2024-12-23T03:21:35.015187Z,afb4fba0-2192-4910-aee7-88a34a295470,33,3196.85,105496.05,Cancelled
bbea1a9f-7bde-4d11-85e0-05850f5b5803,,f0db3f80-cb85-42bb-ab54-0b92b10a7b27,2024-11-12T22:54:22.473166Z,609547a7-6591-4734-afcd-7884b815dea5,78,8965.55,699312.90,Cancelled
01c4ff2c-ef57-4fca-b859-4ca1cf50d62b,8be92d6a-01a0-4161-a6c5-bef92c6fe761,,2025-02-17T04:30:18.505037Z,f81cb962-fcb4-401e-8b2e-32d848b6ce78,99,4949.01,489951.99,Delivered
445a4d39-5d57-4a7a-be64-ff9b70d6a427,9e1b88dd-c945-4406-9491-3d209474058f,,2025-01-09T08:41:49.294066Z,3f8265a5-c27a-4f4e-a88f-d4fca449b0b6,15,5407.59,81113.85,Delivered
589d5516-1cf0-4003-b5e4-e471966505a8,0f44dfef-30da-4d85-9dab-27e096b0474b,,2024-11-12T05:15:31.073913Z,9306348b-183c-4d7f-b7f9-804d30f54c5e,97,9934.37,963633.89,Cancelled
8571cf16-d55a-4e68-8b8a-a5d1f423d291,2115bcb0-f17d-4f99-af19-8436773c1092,,2025-02-05T20:45:10.306001Z,80834040-c6e4-4564-83d2-d44f371e0d4f,72,7280.36,524185.92,Placed
0e617023-0107-4f4a-bb26-6024de05bbfb,,08cc12ea-162a-4674-b244-005e904177db,2025-01-03T20:24:46.019789Z,80834040-c6e4-4564-83d2-d44f371e0d4f,92,7280.36,669793.12,Placed
13c38c01-97c7-4700-96c5-23bdbbb507da,31c1065b-9160-49a0-a158-b4a571b564c0,,2024-11-22T13:20:19.057343Z,6e1deaf4-5da0-4af0-9c94-0502a69807ff,99,499.00,49401.00,Delivered
